id,source,imaged,documented,images,attributes,game_id,set_id,functional_name,item_name,source_notes,game_set_item_slug
2eb4f82f-6f17-46b2-a395-b5b797e448cf,item,1,0,"{""obverse"": ""xxxenophile_xxxenophile_zilla-suit"", ""reverse"": ""xxxenophile_card-back""}","{""name_printed"": ""Zilla Suit"", ""item_dimensions"": ""{\u0022height\u0022: \u00223.5\u0022, \u0022width\u0022: \u00222.5\u0022, \u0022unit\u0022: \u0022inch\u0022}""}",4bf03ca8-b30f-4c5c-802f-265af7fd3299,5510190f-535a-45cf-89a5-e910b2a7d475,Zilla Suit,Zilla Suit,{},xxxenophile_xxxenophile_zilla-suit
f8a3dfed-2a0c-4770-8140-170d9fad0bed,third-party-document,0,0,"{""obverse"": ""xxxenophile_xxxenophile_50's-aliens-who-dig-earth-women"", ""reverse"": ""xxxenophile_card-back""}","{""name_printed"": ""50's Aliens who Dig Earth Women""}",4bf03ca8-b30f-4c5c-802f-265af7fd3299,5510190f-535a-45cf-89a5-e910b2a7d475,50's Aliens who Dig Earth Women,50's Aliens who Dig Earth Women,{},xxxenophile_xxxenophile_50's-aliens-who-dig-earth-women
389a77c3-e07b-4a39-a943-2f97cc9cd70f,item,1,0,"{""obverse"": ""xxxenophile_xxxenophile_æther-bunny"", ""reverse"": ""xxxenophile_card-back""}","{""name_printed"": ""Æther Bunny""}",4bf03ca8-b30f-4c5c-802f-265af7fd3299,5510190f-535a-45cf-89a5-e910b2a7d475,Æther Bunny,Æther Bunny,{},xxxenophile_xxxenophile_æther-bunny
9c258a2a-20ef-43ef-aa11-74735b20aeb1,item,1,0,"{""obverse"": ""xxxenophile_xxxenophile_alien-abduction-squad"", ""reverse"": ""xxxenophile_card-back""}","{""name_printed"": ""Alien Abduction Squad""}",4bf03ca8-b30f-4c5c-802f-265af7fd3299,5510190f-535a-45cf-89a5-e910b2a7d475,Alien Abduction Squad,Alien Abduction Squad,{},xxxenophile_xxxenophile_alien-abduction-squad
17b4f23c-357b-4ad5-beea-b17acb908aef,item,1,0,"{""obverse"": ""xxxenophile_xxxenophile_alien-sex-mechanic"", ""reverse"": ""xxxenophile_card-back""}","{""name_printed"": ""Alien Sex Mechanic""}",4bf03ca8-b30f-4c5c-802f-265af7fd3299,5510190f-535a-45cf-89a5-e910b2a7d475,Alien Sex Mechanic,Alien Sex Mechanic,{},xxxenophile_xxxenophile_alien-sex-mechanic
b9d30885-8950-4811-912a-914c4cdd0848,third-party-document,0,0,"{""obverse"": ""xxxenophile_xxxenophile_amelia-earhart"", ""reverse"": ""xxxenophile_card-back""}","{""name_printed"": ""Amelia Earhart""}",4bf03ca8-b30f-4c5c-802f-265af7fd3299,5510190f-535a-45cf-89a5-e910b2a7d475,Amelia Earhart,Amelia Earhart,{},xxxenophile_xxxenophile_amelia-earhart
1ad81eaa-dd2b-4d61-a09e-fb2ebecdcb16,item,1,0,"{""obverse"": ""xxxenophile_xxxenophile_amorous-blob"", ""reverse"": ""xxxenophile_card-back""}","{""name_printed"": ""Amorous Blob""}",4bf03ca8-b30f-4c5c-802f-265af7fd3299,5510190f-535a-45cf-89a5-e910b2a7d475,Amorous Blob,Amorous Blob,{},xxxenophile_xxxenophile_amorous-blob
cf083e53-dcc8-420e-a94e-d7c87c893b98,third-party-document,0,0,"{""obverse"": ""xxxenophile_xxxenophile_andromeda-swain"", ""reverse"": ""xxxenophile_card-back""}","{""name_printed"": ""Andromeda Swain""}",4bf03ca8-b30f-4c5c-802f-265af7fd3299,5510190f-535a-45cf-89a5-e910b2a7d475,Andromeda Swain,Andromeda Swain,{},xxxenophile_xxxenophile_andromeda-swain
907e8897-0859-4e01-ac47-c770ffd516fc,item,1,0,"{""obverse"": ""xxxenophile_xxxenophile_anemone-mine"", ""reverse"": ""xxxenophile_card-back""}","{""name_printed"": ""Anemone Mine""}",4bf03ca8-b30f-4c5c-802f-265af7fd3299,5510190f-535a-45cf-89a5-e910b2a7d475,Anemone Mine,Anemone Mine,{},xxxenophile_xxxenophile_anemone-mine
2fd763e1-ff7d-48c2-aeaa-50bd7772fd01,third-party-document,0,0,"{""obverse"": ""xxxenophile_xxxenophile_aphrodisiac-of-lila"", ""reverse"": ""xxxenophile_card-back""}","{""name_printed"": ""Aphrodisiac of Lila""}",4bf03ca8-b30f-4c5c-802f-265af7fd3299,5510190f-535a-45cf-89a5-e910b2a7d475,Aphrodisiac of Lila,Aphrodisiac of Lila,{},xxxenophile_xxxenophile_aphrodisiac-of-lila
6a8d3872-2c49-4e23-b278-4fa9f7598c55,item,1,0,"{""obverse"": ""xxxenophile_xxxenophile_aphrodite"", ""reverse"": ""xxxenophile_card-back""}","{""name_printed"": ""Aphrodite""}",4bf03ca8-b30f-4c5c-802f-265af7fd3299,5510190f-535a-45cf-89a5-e910b2a7d475,Aphrodite,Aphrodite,{},xxxenophile_xxxenophile_aphrodite
f0d32ebb-559e-425e-b334-c23fc942d258,third-party-document,0,0,"{""obverse"": ""xxxenophile_xxxenophile_asteroid-annie"", ""reverse"": ""xxxenophile_card-back""}","{""name_printed"": ""Asteroid Annie""}",4bf03ca8-b30f-4c5c-802f-265af7fd3299,5510190f-535a-45cf-89a5-e910b2a7d475,Asteroid Annie,Asteroid Annie,{},xxxenophile_xxxenophile_asteroid-annie
3d0022a5-2eb2-4902-aa3c-7e8e0a3d60f7,item,1,0,"{""obverse"": ""xxxenophile_xxxenophile_atlantean-witch-doctor"", ""reverse"": ""xxxenophile_card-back""}","{""name_printed"": ""Atlantean Witch Doctor""}",4bf03ca8-b30f-4c5c-802f-265af7fd3299,5510190f-535a-45cf-89a5-e910b2a7d475,Atlantean Witch Doctor,Atlantean Witch Doctor,{},xxxenophile_xxxenophile_atlantean-witch-doctor
74785b19-2f77-4832-ae09-2f3e8848506c,item,1,0,"{""obverse"": ""xxxenophile_xxxenophile_axelrod-rimthruster"", ""reverse"": ""xxxenophile_card-back""}","{""name_printed"": ""Axelrod Rimthruster""}",4bf03ca8-b30f-4c5c-802f-265af7fd3299,5510190f-535a-45cf-89a5-e910b2a7d475,Axelrod Rimthruster,Axelrod Rimthruster,{},xxxenophile_xxxenophile_axelrod-rimthruster
3e49ad82-6f2a-400f-a046-d2ad094dd44f,item,1,0,"{""obverse"": ""xxxenophile_xxxenophile_babe-magnet"", ""reverse"": ""xxxenophile_card-back""}","{""name_printed"": ""Babe Magnet""}",4bf03ca8-b30f-4c5c-802f-265af7fd3299,5510190f-535a-45cf-89a5-e910b2a7d475,Babe Magnet,Babe Magnet,{},xxxenophile_xxxenophile_babe-magnet
f928c7f0-33b0-47f3-ae07-9b989b8fa1ed,third-party-document,0,0,"{""obverse"": ""xxxenophile_xxxenophile_bactram,-mad-political-scientist"", ""reverse"": ""xxxenophile_card-back""}","{""name_printed"": ""Bactram, Mad Political Scientist""}",4bf03ca8-b30f-4c5c-802f-265af7fd3299,5510190f-535a-45cf-89a5-e910b2a7d475,"Bactram, Mad Political Scientist","Bactram, Mad Political Scientist",{},"xxxenophile_xxxenophile_bactram,-mad-political-scientist"
9665d1d5-fa72-4d0a-891d-6da744de1b88,third-party-document,0,0,"{""obverse"": ""xxxenophile_xxxenophile_baron-droit-de-seigneur"", ""reverse"": ""xxxenophile_card-back""}","{""name_printed"": ""Baron Droit de Seigneur""}",4bf03ca8-b30f-4c5c-802f-265af7fd3299,5510190f-535a-45cf-89a5-e910b2a7d475,Baron Droit de Seigneur,Baron Droit de Seigneur,{},xxxenophile_xxxenophile_baron-droit-de-seigneur
1ac6cd5c-8cad-4473-b920-592c9e88fbbc,item,1,0,"{""obverse"": ""xxxenophile_xxxenophile_bedside-manor"", ""reverse"": ""xxxenophile_card-back""}","{""name_printed"": ""Bedside Manor""}",4bf03ca8-b30f-4c5c-802f-265af7fd3299,5510190f-535a-45cf-89a5-e910b2a7d475,Bedside Manor,Bedside Manor,{},xxxenophile_xxxenophile_bedside-manor
ffb6cb79-79e1-418b-9f2f-ae78f5ea75a7,third-party-document,0,0,"{""obverse"": ""xxxenophile_xxxenophile_bermuda-triangle"", ""reverse"": ""xxxenophile_card-back""}","{""name_printed"": ""Bermuda Triangle""}",4bf03ca8-b30f-4c5c-802f-265af7fd3299,5510190f-535a-45cf-89a5-e910b2a7d475,Bermuda Triangle,Bermuda Triangle,{},xxxenophile_xxxenophile_bermuda-triangle
2f10a99d-3903-4355-9986-1e2d469d8f7a,third-party-document,0,0,"{""obverse"": ""xxxenophile_xxxenophile_bernadette-sysoptrix"", ""reverse"": ""xxxenophile_card-back""}","{""name_printed"": ""Bernadette Sysoptrix""}",4bf03ca8-b30f-4c5c-802f-265af7fd3299,5510190f-535a-45cf-89a5-e910b2a7d475,Bernadette Sysoptrix,Bernadette Sysoptrix,{},xxxenophile_xxxenophile_bernadette-sysoptrix
9f76f1df-0379-4cdc-a3f6-16f1a5f7c440,item,1,0,"{""obverse"": ""xxxenophile_xxxenophile_betelgeusian-pleasure-beast"", ""reverse"": ""xxxenophile_card-back""}","{""name_printed"": ""Betelgeusian Pleasure Beast""}",4bf03ca8-b30f-4c5c-802f-265af7fd3299,5510190f-535a-45cf-89a5-e910b2a7d475,Betelgeusian Pleasure Beast,Betelgeusian Pleasure Beast,{},xxxenophile_xxxenophile_betelgeusian-pleasure-beast
f6b83a3b-b914-41a6-9167-55d41ecf9d82,third-party-document,0,0,"{""obverse"": ""xxxenophile_xxxenophile_bi-plane"", ""reverse"": ""xxxenophile_card-back""}","{""name_printed"": ""Bi-Plane""}",4bf03ca8-b30f-4c5c-802f-265af7fd3299,5510190f-535a-45cf-89a5-e910b2a7d475,Bi-Plane,Bi-Plane,{},xxxenophile_xxxenophile_bi-plane
309684ff-9899-4b8e-b00f-b52834cd7dcf,third-party-document,0,0,"{""obverse"": ""xxxenophile_xxxenophile_big-book-o'-forbidden-knowledge"", ""reverse"": ""xxxenophile_card-back""}","{""name_printed"": ""Big Book O' Forbidden Knowledge""}",4bf03ca8-b30f-4c5c-802f-265af7fd3299,5510190f-535a-45cf-89a5-e910b2a7d475,Big Book O' Forbidden Knowledge,Big Book O' Forbidden Knowledge,{},xxxenophile_xxxenophile_big-book-o'-forbidden-knowledge
827c1062-13f0-467a-93da-ff869a5098dc,third-party-document,0,0,"{""obverse"": ""xxxenophile_xxxenophile_big-dumb-lem"", ""reverse"": ""xxxenophile_card-back""}","{""name_printed"": ""Big Dumb Lem""}",4bf03ca8-b30f-4c5c-802f-265af7fd3299,5510190f-535a-45cf-89a5-e910b2a7d475,Big Dumb Lem,Big Dumb Lem,{},xxxenophile_xxxenophile_big-dumb-lem
74e200e7-0a46-4c39-9d75-9ee350b25702,third-party-document,0,0,"{""obverse"": ""xxxenophile_xxxenophile_big-red-hammer"", ""reverse"": ""xxxenophile_card-back""}","{""name_printed"": ""Big Red Hammer""}",4bf03ca8-b30f-4c5c-802f-265af7fd3299,5510190f-535a-45cf-89a5-e910b2a7d475,Big Red Hammer,Big Red Hammer,{},xxxenophile_xxxenophile_big-red-hammer
e794a85a-50da-46d3-8d55-6e992e665d1c,third-party-document,0,0,"{""obverse"": ""xxxenophile_xxxenophile_bilitis-the-courtesan"", ""reverse"": ""xxxenophile_card-back""}","{""name_printed"": ""Bilitis the Courtesan""}",4bf03ca8-b30f-4c5c-802f-265af7fd3299,5510190f-535a-45cf-89a5-e910b2a7d475,Bilitis the Courtesan,Bilitis the Courtesan,{},xxxenophile_xxxenophile_bilitis-the-courtesan
068759a8-9e90-4c3d-a03b-c5d72fc9f192,third-party-document,0,0,"{""obverse"": ""xxxenophile_xxxenophile_bites-on-the-neck"", ""reverse"": ""xxxenophile_card-back""}","{""name_printed"": ""Bites-On-The-Neck""}",4bf03ca8-b30f-4c5c-802f-265af7fd3299,5510190f-535a-45cf-89a5-e910b2a7d475,Bites-On-The-Neck,Bites-On-The-Neck,{},xxxenophile_xxxenophile_bites-on-the-neck
7451d046-53ca-4b0c-bc05-3ef295df52b1,item,1,0,"{""obverse"": ""xxxenophile_xxxenophile_blow-up-luv-panda"", ""reverse"": ""xxxenophile_card-back""}","{""name_printed"": ""Blow-Up Luv Panda""}",4bf03ca8-b30f-4c5c-802f-265af7fd3299,5510190f-535a-45cf-89a5-e910b2a7d475,Blow-Up Luv Panda,Blow-Up Luv Panda,{},xxxenophile_xxxenophile_blow-up-luv-panda
3e15c1bf-db96-4d7e-a14f-f7911756f551,item,1,0,"{""obverse"": ""xxxenophile_xxxenophile_blue-opal"", ""reverse"": ""xxxenophile_card-back""}","{""name_printed"": ""Blue Opal""}",4bf03ca8-b30f-4c5c-802f-265af7fd3299,5510190f-535a-45cf-89a5-e910b2a7d475,Blue Opal,Blue Opal,{},xxxenophile_xxxenophile_blue-opal
e56c0566-c8ea-4708-b987-2e61b2bca5d3,third-party-document,0,0,"{""obverse"": ""xxxenophile_xxxenophile_boolatraaca"", ""reverse"": ""xxxenophile_card-back""}","{""name_printed"": ""Boolatraaca""}",4bf03ca8-b30f-4c5c-802f-265af7fd3299,5510190f-535a-45cf-89a5-e910b2a7d475,Boolatraaca,Boolatraaca,{},xxxenophile_xxxenophile_boolatraaca
a830d700-0562-4650-a3b6-93911a95cf31,third-party-document,0,0,"{""obverse"": ""xxxenophile_xxxenophile_bouncin'-buddy"", ""reverse"": ""xxxenophile_card-back""}","{""name_printed"": ""Bouncin' Buddy""}",4bf03ca8-b30f-4c5c-802f-265af7fd3299,5510190f-535a-45cf-89a5-e910b2a7d475,Bouncin' Buddy,Bouncin' Buddy,{},xxxenophile_xxxenophile_bouncin'-buddy
673c0a34-06bc-417b-ada7-1350444a0368,third-party-document,0,0,"{""obverse"": ""xxxenophile_xxxenophile_boy-toy"", ""reverse"": ""xxxenophile_card-back""}","{""name_printed"": ""Boy Toy""}",4bf03ca8-b30f-4c5c-802f-265af7fd3299,5510190f-535a-45cf-89a5-e910b2a7d475,Boy Toy,Boy Toy,{},xxxenophile_xxxenophile_boy-toy
cddf0e5b-b902-4558-9912-91fce0744574,item,1,0,"{""obverse"": ""xxxenophile_xxxenophile_brigid-the-witch"", ""reverse"": ""xxxenophile_card-back""}","{""name_printed"": ""Brigid the Witch""}",4bf03ca8-b30f-4c5c-802f-265af7fd3299,5510190f-535a-45cf-89a5-e910b2a7d475,Brigid the Witch,Brigid the Witch,{},xxxenophile_xxxenophile_brigid-the-witch
7f389bfa-135f-45ce-8827-176773f7b00e,third-party-document,0,0,"{""obverse"": ""xxxenophile_xxxenophile_brother-in-law-from-another-planet"", ""reverse"": ""xxxenophile_card-back""}","{""name_printed"": ""Brother-In-Law from Another Planet""}",4bf03ca8-b30f-4c5c-802f-265af7fd3299,5510190f-535a-45cf-89a5-e910b2a7d475,Brother-In-Law from Another Planet,Brother-In-Law from Another Planet,{},xxxenophile_xxxenophile_brother-in-law-from-another-planet
ff031706-bb1b-4fd8-8d69-c2d76d7cea91,third-party-document,0,0,"{""obverse"": ""xxxenophile_xxxenophile_buffalo-gals"", ""reverse"": ""xxxenophile_card-back""}","{""name_printed"": ""Buffalo Gals""}",4bf03ca8-b30f-4c5c-802f-265af7fd3299,5510190f-535a-45cf-89a5-e910b2a7d475,Buffalo Gals,Buffalo Gals,{},xxxenophile_xxxenophile_buffalo-gals
9066405f-5a7d-4c7c-84e2-732f9a8449d4,item,1,0,"{""obverse"": ""xxxenophile_xxxenophile_cajun-hog-eating-contest"", ""reverse"": ""xxxenophile_card-back""}","{""name_printed"": ""Cajun Hog-Eating Contest""}",4bf03ca8-b30f-4c5c-802f-265af7fd3299,5510190f-535a-45cf-89a5-e910b2a7d475,Cajun Hog-Eating Contest,Cajun Hog-Eating Contest,{},xxxenophile_xxxenophile_cajun-hog-eating-contest
7d3505cb-2bbb-4da2-b5e4-e803e595d24a,third-party-document,0,0,"{""obverse"": ""xxxenophile_xxxenophile_caligula's-smarter-brother"", ""reverse"": ""xxxenophile_card-back""}","{""name_printed"": ""Caligula's Smarter Brother""}",4bf03ca8-b30f-4c5c-802f-265af7fd3299,5510190f-535a-45cf-89a5-e910b2a7d475,Caligula's Smarter Brother,Caligula's Smarter Brother,{},xxxenophile_xxxenophile_caligula's-smarter-brother
c8a4e71a-19bc-4531-9a03-cffbe4bff933,third-party-document,0,0,"{""obverse"": ""xxxenophile_xxxenophile_canned-heat"", ""reverse"": ""xxxenophile_card-back""}","{""name_printed"": ""Canned Heat""}",4bf03ca8-b30f-4c5c-802f-265af7fd3299,5510190f-535a-45cf-89a5-e910b2a7d475,Canned Heat,Canned Heat,{},xxxenophile_xxxenophile_canned-heat
841afbda-998e-439c-b431-02ea58758455,third-party-document,0,0,"{""obverse"": ""xxxenophile_xxxenophile_captain-jackler"", ""reverse"": ""xxxenophile_card-back""}","{""name_printed"": ""Captain Jackler""}",4bf03ca8-b30f-4c5c-802f-265af7fd3299,5510190f-535a-45cf-89a5-e910b2a7d475,Captain Jackler,Captain Jackler,{},xxxenophile_xxxenophile_captain-jackler
cbf73035-4d22-47dd-8bd7-9c1c6f19dce6,item,1,0,"{""obverse"": ""xxxenophile_xxxenophile_cat-headed-women"", ""reverse"": ""xxxenophile_card-back""}","{""name_printed"": ""Cat-Headed Women""}",4bf03ca8-b30f-4c5c-802f-265af7fd3299,5510190f-535a-45cf-89a5-e910b2a7d475,Cat-Headed Women,Cat-Headed Women,{},xxxenophile_xxxenophile_cat-headed-women
d2701f96-8759-4e5c-9291-9b2ccfa5cf5b,item,1,0,"{""obverse"": ""xxxenophile_xxxenophile_catherine-the-great"", ""reverse"": ""xxxenophile_card-back""}","{""name_printed"": ""Catherine the Great""}",4bf03ca8-b30f-4c5c-802f-265af7fd3299,5510190f-535a-45cf-89a5-e910b2a7d475,Catherine the Great,Catherine the Great,{},xxxenophile_xxxenophile_catherine-the-great
dd656371-d148-47e4-a2f1-0119932c4428,item,1,0,"{""obverse"": ""xxxenophile_xxxenophile_cernunnos"", ""reverse"": ""xxxenophile_card-back""}","{""name_printed"": ""Cernunnos""}",4bf03ca8-b30f-4c5c-802f-265af7fd3299,5510190f-535a-45cf-89a5-e910b2a7d475,Cernunnos,Cernunnos,{},xxxenophile_xxxenophile_cernunnos
f14c373a-21b7-4eca-89d5-fe8a7c7f3d05,third-party-document,0,0,"{""obverse"": ""xxxenophile_xxxenophile_chain-of-command"", ""reverse"": ""xxxenophile_card-back""}","{""name_printed"": ""Chain of Command""}",4bf03ca8-b30f-4c5c-802f-265af7fd3299,5510190f-535a-45cf-89a5-e910b2a7d475,Chain of Command,Chain of Command,{},xxxenophile_xxxenophile_chain-of-command
4ce7e331-61a1-43f8-91df-09edffea84de,item,1,0,"{""obverse"": ""xxxenophile_xxxenophile_chief-engineer-zarazewski"", ""reverse"": ""xxxenophile_card-back""}","{""name_printed"": ""Chief Engineer Zarazewski""}",4bf03ca8-b30f-4c5c-802f-265af7fd3299,5510190f-535a-45cf-89a5-e910b2a7d475,Chief Engineer Zarazewski,Chief Engineer Zarazewski,{},xxxenophile_xxxenophile_chief-engineer-zarazewski
5122b476-3ba2-48f6-b6ed-ed6c38c72156,third-party-document,0,0,"{""obverse"": ""xxxenophile_xxxenophile_chinese-ghost"", ""reverse"": ""xxxenophile_card-back""}","{""name_printed"": ""Chinese Ghost""}",4bf03ca8-b30f-4c5c-802f-265af7fd3299,5510190f-535a-45cf-89a5-e910b2a7d475,Chinese Ghost,Chinese Ghost,{},xxxenophile_xxxenophile_chinese-ghost
8efd79cb-3aa1-4184-b2fe-ae5c70cba684,third-party-document,0,0,"{""obverse"": ""xxxenophile_xxxenophile_chronoteen,-empress-of-time"", ""reverse"": ""xxxenophile_card-back""}","{""name_printed"": ""Chronoteen, Empress of Time""}",4bf03ca8-b30f-4c5c-802f-265af7fd3299,5510190f-535a-45cf-89a5-e910b2a7d475,"Chronoteen, Empress of Time","Chronoteen, Empress of Time",{},"xxxenophile_xxxenophile_chronoteen,-empress-of-time"
41262dcf-da37-42c2-92e3-bb3105659966,item,1,0,"{""obverse"": ""xxxenophile_xxxenophile_clydesdale-bob"", ""reverse"": ""xxxenophile_card-back""}","{""name_printed"": ""Clydesdale Bob""}",4bf03ca8-b30f-4c5c-802f-265af7fd3299,5510190f-535a-45cf-89a5-e910b2a7d475,Clydesdale Bob,Clydesdale Bob,{},xxxenophile_xxxenophile_clydesdale-bob
c40a5cee-6150-4afb-b8de-edfa29eebb43,item,1,0,"{""obverse"": ""xxxenophile_xxxenophile_colossus-of-rhodes"", ""reverse"": ""xxxenophile_card-back""}","{""name_printed"": ""Colossus of Rhodes""}",4bf03ca8-b30f-4c5c-802f-265af7fd3299,5510190f-535a-45cf-89a5-e910b2a7d475,Colossus of Rhodes,Colossus of Rhodes,{},xxxenophile_xxxenophile_colossus-of-rhodes
66527dc2-9761-486e-b6be-07f51e798d26,third-party-document,0,0,"{""obverse"": ""xxxenophile_xxxenophile_control-room"", ""reverse"": ""xxxenophile_card-back""}","{""name_printed"": ""Control Room""}",4bf03ca8-b30f-4c5c-802f-265af7fd3299,5510190f-535a-45cf-89a5-e910b2a7d475,Control Room,Control Room,{},xxxenophile_xxxenophile_control-room
60ccf9ce-9638-4540-a315-ad7b2b17c478,third-party-document,0,0,"{""obverse"": ""xxxenophile_xxxenophile_cornelia-cannon"", ""reverse"": ""xxxenophile_card-back""}","{""name_printed"": ""Cornelia Cannon""}",4bf03ca8-b30f-4c5c-802f-265af7fd3299,5510190f-535a-45cf-89a5-e910b2a7d475,Cornelia Cannon,Cornelia Cannon,{},xxxenophile_xxxenophile_cornelia-cannon
ad1e5c69-ad47-4886-95d7-5181fbfdc6bb,item,1,0,"{""obverse"": ""xxxenophile_xxxenophile_cornelia's-double-bed"", ""reverse"": ""xxxenophile_card-back""}","{""name_printed"": ""Cornelia's Double Bed""}",4bf03ca8-b30f-4c5c-802f-265af7fd3299,5510190f-535a-45cf-89a5-e910b2a7d475,Cornelia's Double Bed,Cornelia's Double Bed,{},xxxenophile_xxxenophile_cornelia's-double-bed
c563c5eb-f2f2-4522-970e-237f5e60e399,item,1,0,"{""obverse"": ""xxxenophile_xxxenophile_count-pointercount"", ""reverse"": ""xxxenophile_card-back""}","{""name_printed"": ""Count Pointercount""}",4bf03ca8-b30f-4c5c-802f-265af7fd3299,5510190f-535a-45cf-89a5-e910b2a7d475,Count Pointercount,Count Pointercount,{},xxxenophile_xxxenophile_count-pointercount
a312fd25-21e6-4b62-877f-fdccb960bed7,item,1,0,"{""obverse"": ""xxxenophile_xxxenophile_crash-callahan"", ""reverse"": ""xxxenophile_card-back""}","{""name_printed"": ""Crash Callahan""}",4bf03ca8-b30f-4c5c-802f-265af7fd3299,5510190f-535a-45cf-89a5-e910b2a7d475,Crash Callahan,Crash Callahan,{},xxxenophile_xxxenophile_crash-callahan
97b2d40c-46e5-4230-ba22-9631b024d966,third-party-document,0,0,"{""obverse"": ""xxxenophile_xxxenophile_crazed-cheerleader-from-space"", ""reverse"": ""xxxenophile_card-back""}","{""name_printed"": ""Crazed Cheerleader from Space""}",4bf03ca8-b30f-4c5c-802f-265af7fd3299,5510190f-535a-45cf-89a5-e910b2a7d475,Crazed Cheerleader from Space,Crazed Cheerleader from Space,{},xxxenophile_xxxenophile_crazed-cheerleader-from-space
c88830ae-057b-4b06-a4f3-900ede7b5dff,third-party-document,0,0,"{""obverse"": ""xxxenophile_xxxenophile_crop-circle-jerks"", ""reverse"": ""xxxenophile_card-back""}","{""name_printed"": ""Crop Circle Jerks""}",4bf03ca8-b30f-4c5c-802f-265af7fd3299,5510190f-535a-45cf-89a5-e910b2a7d475,Crop Circle Jerks,Crop Circle Jerks,{},xxxenophile_xxxenophile_crop-circle-jerks
967bb4d8-3d03-4d0c-9bed-e536aa13c57a,third-party-document,0,0,"{""obverse"": ""xxxenophile_xxxenophile_crown-of-oriana"", ""reverse"": ""xxxenophile_card-back""}","{""name_printed"": ""Crown of Oriana""}",4bf03ca8-b30f-4c5c-802f-265af7fd3299,5510190f-535a-45cf-89a5-e910b2a7d475,Crown of Oriana,Crown of Oriana,{},xxxenophile_xxxenophile_crown-of-oriana
3ff26374-3d26-4ee7-8e52-35a9bb29239e,third-party-document,0,0,"{""obverse"": ""xxxenophile_xxxenophile_cult-of-the-jade-nipple"", ""reverse"": ""xxxenophile_card-back""}","{""name_printed"": ""Cult of the Jade Nipple""}",4bf03ca8-b30f-4c5c-802f-265af7fd3299,5510190f-535a-45cf-89a5-e910b2a7d475,Cult of the Jade Nipple,Cult of the Jade Nipple,{},xxxenophile_xxxenophile_cult-of-the-jade-nipple
70377634-ab0f-4e53-a008-603a2dc96101,item,1,0,"{""obverse"": ""xxxenophile_xxxenophile_cyborg-officer-mariko-bugatti"", ""reverse"": ""xxxenophile_card-back""}","{""name_printed"": ""Cyborg Officer Mariko Bugatti""}",4bf03ca8-b30f-4c5c-802f-265af7fd3299,5510190f-535a-45cf-89a5-e910b2a7d475,Cyborg Officer Mariko Bugatti,Cyborg Officer Mariko Bugatti,{},xxxenophile_xxxenophile_cyborg-officer-mariko-bugatti
ec631f4f-2ba0-43d1-b1ff-146988b4d9a3,third-party-document,0,0,"{""obverse"": ""xxxenophile_xxxenophile_cyrano-de-bergerac"", ""reverse"": ""xxxenophile_card-back""}","{""name_printed"": ""Cyrano de Bergerac""}",4bf03ca8-b30f-4c5c-802f-265af7fd3299,5510190f-535a-45cf-89a5-e910b2a7d475,Cyrano de Bergerac,Cyrano de Bergerac,{},xxxenophile_xxxenophile_cyrano-de-bergerac
afe07b22-837a-459d-81a7-59548737aa9c,third-party-document,0,0,"{""obverse"": ""xxxenophile_xxxenophile_daisy-chaing"", ""reverse"": ""xxxenophile_card-back""}","{""name_printed"": ""Daisy Chaing""}",4bf03ca8-b30f-4c5c-802f-265af7fd3299,5510190f-535a-45cf-89a5-e910b2a7d475,Daisy Chaing,Daisy Chaing,{},xxxenophile_xxxenophile_daisy-chaing
548f0915-a7d2-4a1c-bee9-16cfeb40850b,third-party-document,0,0,"{""obverse"": ""xxxenophile_xxxenophile_dark-and-stormy-knight"", ""reverse"": ""xxxenophile_card-back""}","{""name_printed"": ""Dark and Stormy Knight""}",4bf03ca8-b30f-4c5c-802f-265af7fd3299,5510190f-535a-45cf-89a5-e910b2a7d475,Dark and Stormy Knight,Dark and Stormy Knight,{},xxxenophile_xxxenophile_dark-and-stormy-knight
5997ff8b-ac94-4312-95bb-dd7597afb9ff,item,1,0,"{""obverse"": ""xxxenophile_xxxenophile_death-nell"", ""reverse"": ""xxxenophile_card-back""}","{""name_printed"": ""Death Nell""}",4bf03ca8-b30f-4c5c-802f-265af7fd3299,5510190f-535a-45cf-89a5-e910b2a7d475,Death Nell,Death Nell,{},xxxenophile_xxxenophile_death-nell
23cdbd0f-2620-4ad6-beae-1e90cdb57f42,third-party-document,0,0,"{""obverse"": ""xxxenophile_xxxenophile_deep-space-incubus"", ""reverse"": ""xxxenophile_card-back""}","{""name_printed"": ""Deep Space Incubus""}",4bf03ca8-b30f-4c5c-802f-265af7fd3299,5510190f-535a-45cf-89a5-e910b2a7d475,Deep Space Incubus,Deep Space Incubus,{},xxxenophile_xxxenophile_deep-space-incubus
9bdb833d-e4ff-4318-bb44-dfd396533b0d,third-party-document,0,0,"{""obverse"": ""xxxenophile_xxxenophile_deep-space-succubus"", ""reverse"": ""xxxenophile_card-back""}","{""name_printed"": ""Deep Space Succubus""}",4bf03ca8-b30f-4c5c-802f-265af7fd3299,5510190f-535a-45cf-89a5-e910b2a7d475,Deep Space Succubus,Deep Space Succubus,{},xxxenophile_xxxenophile_deep-space-succubus
54c86c43-abc3-4f9e-b51e-28777b928165,third-party-document,0,0,"{""obverse"": ""xxxenophile_xxxenophile_deus-ex-machina-man"", ""reverse"": ""xxxenophile_card-back""}","{""name_printed"": ""Deus Ex Machina Man""}",4bf03ca8-b30f-4c5c-802f-265af7fd3299,5510190f-535a-45cf-89a5-e910b2a7d475,Deus Ex Machina Man,Deus Ex Machina Man,{},xxxenophile_xxxenophile_deus-ex-machina-man
e3d21260-3a87-4ec6-b965-9372c948401a,third-party-document,0,0,"{""obverse"": ""xxxenophile_xxxenophile_dionysus"", ""reverse"": ""xxxenophile_card-back""}","{""name_printed"": ""Dionysus""}",4bf03ca8-b30f-4c5c-802f-265af7fd3299,5510190f-535a-45cf-89a5-e910b2a7d475,Dionysus,Dionysus,{},xxxenophile_xxxenophile_dionysus
e0a8ac52-d33e-4dcd-a84c-84115d63864d,item,1,0,"{""obverse"": ""xxxenophile_xxxenophile_dithmys-the-dryad"", ""reverse"": ""xxxenophile_card-back""}","{""name_printed"": ""Dithmys the Dryad""}",4bf03ca8-b30f-4c5c-802f-265af7fd3299,5510190f-535a-45cf-89a5-e910b2a7d475,Dithmys the Dryad,Dithmys the Dryad,{},xxxenophile_xxxenophile_dithmys-the-dryad
bd2f842f-ec99-4a09-a8dd-b5d016419bfc,third-party-document,0,0,"{""obverse"": ""xxxenophile_xxxenophile_doc-havoc"", ""reverse"": ""xxxenophile_card-back""}","{""name_printed"": ""Doc Havoc""}",4bf03ca8-b30f-4c5c-802f-265af7fd3299,5510190f-535a-45cf-89a5-e910b2a7d475,Doc Havoc,Doc Havoc,{},xxxenophile_xxxenophile_doc-havoc
7b7571df-5eea-481a-9e94-c7061091dad2,item,1,0,"{""obverse"": ""xxxenophile_xxxenophile_doctor-daphne-goodbody"", ""reverse"": ""xxxenophile_card-back""}","{""name_printed"": ""Doctor Daphne Goodbody""}",4bf03ca8-b30f-4c5c-802f-265af7fd3299,5510190f-535a-45cf-89a5-e910b2a7d475,Doctor Daphne Goodbody,Doctor Daphne Goodbody,{},xxxenophile_xxxenophile_doctor-daphne-goodbody
317564bd-1a91-4aa9-b00e-fd4313d6c139,third-party-document,0,0,"{""obverse"": ""xxxenophile_xxxenophile_earl-of-sandwich"", ""reverse"": ""xxxenophile_card-back""}","{""name_printed"": ""Earl of Sandwich""}",4bf03ca8-b30f-4c5c-802f-265af7fd3299,5510190f-535a-45cf-89a5-e910b2a7d475,Earl of Sandwich,Earl of Sandwich,{},xxxenophile_xxxenophile_earl-of-sandwich
da3140c6-9a24-4dda-9605-f2d701b52d16,item,1,0,"{""obverse"": ""xxxenophile_xxxenophile_ecuador-jillette"", ""reverse"": ""xxxenophile_card-back""}","{""name_printed"": ""Ecuador Jillette""}",4bf03ca8-b30f-4c5c-802f-265af7fd3299,5510190f-535a-45cf-89a5-e910b2a7d475,Ecuador Jillette,Ecuador Jillette,{},xxxenophile_xxxenophile_ecuador-jillette
43c4b186-75a1-4f5d-8e6e-f7c2e39727a7,item,1,0,"{""obverse"": ""xxxenophile_xxxenophile_eeeaaarrgh,-prehistoric-god-of-love"", ""reverse"": ""xxxenophile_card-back""}","{""name_printed"": ""EEEAAARRGH, Prehistoric God of Love""}",4bf03ca8-b30f-4c5c-802f-265af7fd3299,5510190f-535a-45cf-89a5-e910b2a7d475,"EEEAAARRGH, Prehistoric God of Love","EEEAAARRGH, Prehistoric God of Love",{},"xxxenophile_xxxenophile_eeeaaarrgh,-prehistoric-god-of-love"
eea33d3e-3751-49fd-98ce-ac1590657bf3,item,1,0,"{""obverse"": ""xxxenophile_xxxenophile_elizabeth-spaceholder"", ""reverse"": ""xxxenophile_card-back""}","{""name_printed"": ""Elizabeth Spaceholder""}",4bf03ca8-b30f-4c5c-802f-265af7fd3299,5510190f-535a-45cf-89a5-e910b2a7d475,Elizabeth Spaceholder,Elizabeth Spaceholder,{},xxxenophile_xxxenophile_elizabeth-spaceholder
7f0271b6-8790-4251-8a1a-578257e88841,third-party-document,0,0,"{""obverse"": ""xxxenophile_xxxenophile_empress-wu"", ""reverse"": ""xxxenophile_card-back""}","{""name_printed"": ""Empress Wu""}",4bf03ca8-b30f-4c5c-802f-265af7fd3299,5510190f-535a-45cf-89a5-e910b2a7d475,Empress Wu,Empress Wu,{},xxxenophile_xxxenophile_empress-wu
232fa9c4-ca28-467d-a8a2-856ee48656c0,item,1,0,"{""obverse"": ""xxxenophile_xxxenophile_enchilada-progress"", ""reverse"": ""xxxenophile_card-back""}","{""name_printed"": ""Enchilada Progress""}",4bf03ca8-b30f-4c5c-802f-265af7fd3299,5510190f-535a-45cf-89a5-e910b2a7d475,Enchilada Progress,Enchilada Progress,{},xxxenophile_xxxenophile_enchilada-progress
e1fbdb7e-0f27-4568-9bac-2ab636c5c73e,third-party-document,0,0,"{""obverse"": ""xxxenophile_xxxenophile_enid-weems"", ""reverse"": ""xxxenophile_card-back""}","{""name_printed"": ""Enid Weems""}",4bf03ca8-b30f-4c5c-802f-265af7fd3299,5510190f-535a-45cf-89a5-e910b2a7d475,Enid Weems,Enid Weems,{},xxxenophile_xxxenophile_enid-weems
a9cab4a4-7cc3-4918-824f-e21d6425ef7e,third-party-document,0,0,"{""obverse"": ""xxxenophile_xxxenophile_erotic-potato-prints"", ""reverse"": ""xxxenophile_card-back""}","{""name_printed"": ""Erotic Potato Prints""}",4bf03ca8-b30f-4c5c-802f-265af7fd3299,5510190f-535a-45cf-89a5-e910b2a7d475,Erotic Potato Prints,Erotic Potato Prints,{},xxxenophile_xxxenophile_erotic-potato-prints
364651b3-96e6-4e01-9a5e-7af693b7152d,third-party-document,0,0,"{""obverse"": ""xxxenophile_xxxenophile_evil-dr--oscillator"", ""reverse"": ""xxxenophile_card-back""}","{""name_printed"": ""Evil Dr. Oscillator""}",4bf03ca8-b30f-4c5c-802f-265af7fd3299,5510190f-535a-45cf-89a5-e910b2a7d475,Evil Dr. Oscillator,Evil Dr. Oscillator,{},xxxenophile_xxxenophile_evil-dr--oscillator
b7221916-5458-4ca0-a42b-5abccd17964d,third-party-document,0,0,"{""obverse"": ""xxxenophile_xxxenophile_ewan-mckay"", ""reverse"": ""xxxenophile_card-back""}","{""name_printed"": ""Ewan McKay""}",4bf03ca8-b30f-4c5c-802f-265af7fd3299,5510190f-535a-45cf-89a5-e910b2a7d475,Ewan McKay,Ewan McKay,{},xxxenophile_xxxenophile_ewan-mckay
a8608d04-ee44-4f57-8eab-1f6aaef6df96,item,1,0,"{""obverse"": ""xxxenophile_xxxenophile_ex-boyfriend"", ""reverse"": ""xxxenophile_card-back""}","{""name_printed"": ""Ex-Boyfriend""}",4bf03ca8-b30f-4c5c-802f-265af7fd3299,5510190f-535a-45cf-89a5-e910b2a7d475,Ex-Boyfriend,Ex-Boyfriend,{},xxxenophile_xxxenophile_ex-boyfriend
ffe01345-fe0c-4cc1-9c66-66750a2c83c3,third-party-document,0,0,"{""obverse"": ""xxxenophile_xxxenophile_ex-girlfriend"", ""reverse"": ""xxxenophile_card-back""}","{""name_printed"": ""Ex-Girlfriend""}",4bf03ca8-b30f-4c5c-802f-265af7fd3299,5510190f-535a-45cf-89a5-e910b2a7d475,Ex-Girlfriend,Ex-Girlfriend,{},xxxenophile_xxxenophile_ex-girlfriend
50467c8b-88e0-4134-a92a-ec082b5664bf,third-party-document,0,0,"{""obverse"": ""xxxenophile_xxxenophile_falling-skywater"", ""reverse"": ""xxxenophile_card-back""}","{""name_printed"": ""Falling Skywater""}",4bf03ca8-b30f-4c5c-802f-265af7fd3299,5510190f-535a-45cf-89a5-e910b2a7d475,Falling Skywater,Falling Skywater,{},xxxenophile_xxxenophile_falling-skywater
73d3cb59-0f5c-4c15-bb58-0c95dc53672d,item,1,0,"{""obverse"": ""xxxenophile_xxxenophile_felga-darkin"", ""reverse"": ""xxxenophile_card-back""}","{""name_printed"": ""Felga Darkin""}",4bf03ca8-b30f-4c5c-802f-265af7fd3299,5510190f-535a-45cf-89a5-e910b2a7d475,Felga Darkin,Felga Darkin,{},xxxenophile_xxxenophile_felga-darkin
84c46e28-ba1f-4b8c-b601-57d90a5053b6,item,1,0,"{""obverse"": ""xxxenophile_xxxenophile_finlay-hong"", ""reverse"": ""xxxenophile_card-back""}","{""name_printed"": ""Finlay Hong""}",4bf03ca8-b30f-4c5c-802f-265af7fd3299,5510190f-535a-45cf-89a5-e910b2a7d475,Finlay Hong,Finlay Hong,{},xxxenophile_xxxenophile_finlay-hong
5fbca156-fe6a-41cf-9564-d0af26b74c7b,third-party-document,0,0,"{""obverse"": ""xxxenophile_xxxenophile_fountain-of-youth"", ""reverse"": ""xxxenophile_card-back""}","{""name_printed"": ""Fountain of Youth""}",4bf03ca8-b30f-4c5c-802f-265af7fd3299,5510190f-535a-45cf-89a5-e910b2a7d475,Fountain of Youth,Fountain of Youth,{},xxxenophile_xxxenophile_fountain-of-youth
7c4f6f04-77fd-4253-be8a-6d0c067b806a,item,1,0,"{""obverse"": ""xxxenophile_xxxenophile_french-moon-maid"", ""reverse"": ""xxxenophile_card-back""}","{""name_printed"": ""French Moon Maid""}",4bf03ca8-b30f-4c5c-802f-265af7fd3299,5510190f-535a-45cf-89a5-e910b2a7d475,French Moon Maid,French Moon Maid,{},xxxenophile_xxxenophile_french-moon-maid
e4a8fd44-fa39-42dd-be20-82a1f3c45ba2,item,1,0,"{""obverse"": ""xxxenophile_xxxenophile_friendly-monolith"", ""reverse"": ""xxxenophile_card-back""}","{""name_printed"": ""Friendly Monolith""}",4bf03ca8-b30f-4c5c-802f-265af7fd3299,5510190f-535a-45cf-89a5-e910b2a7d475,Friendly Monolith,Friendly Monolith,{},xxxenophile_xxxenophile_friendly-monolith
0d7f50d7-065c-44e4-b175-f8a852f90e5f,item,1,0,"{""obverse"": ""xxxenophile_xxxenophile_frog-prince"", ""reverse"": ""xxxenophile_card-back""}","{""name_printed"": ""Frog Prince""}",4bf03ca8-b30f-4c5c-802f-265af7fd3299,5510190f-535a-45cf-89a5-e910b2a7d475,Frog Prince,Frog Prince,{},xxxenophile_xxxenophile_frog-prince
3f62fe61-6a8c-485d-a689-3ba402f8ac15,item,1,0,"{""obverse"": ""xxxenophile_xxxenophile_garden-of-earthly-delights"", ""reverse"": ""xxxenophile_card-back""}","{""name_printed"": ""Garden of Earthly Delights""}",4bf03ca8-b30f-4c5c-802f-265af7fd3299,5510190f-535a-45cf-89a5-e910b2a7d475,Garden of Earthly Delights,Garden of Earthly Delights,{},xxxenophile_xxxenophile_garden-of-earthly-delights
deb6aee7-8046-44aa-a8eb-fc37c5b0bea1,item,1,0,"{""obverse"": ""xxxenophile_xxxenophile_gene-poole"", ""reverse"": ""xxxenophile_card-back""}","{""name_printed"": ""Gene Poole""}",4bf03ca8-b30f-4c5c-802f-265af7fd3299,5510190f-535a-45cf-89a5-e910b2a7d475,Gene Poole,Gene Poole,{},xxxenophile_xxxenophile_gene-poole
62f30d61-9f90-4a6e-ac50-fe49ff59c806,third-party-document,0,0,"{""obverse"": ""xxxenophile_xxxenophile_geodetic-dame"", ""reverse"": ""xxxenophile_card-back""}","{""name_printed"": ""Geodetic Dame""}",4bf03ca8-b30f-4c5c-802f-265af7fd3299,5510190f-535a-45cf-89a5-e910b2a7d475,Geodetic Dame,Geodetic Dame,{},xxxenophile_xxxenophile_geodetic-dame
dc23a29e-2f57-48fc-baf9-f4df0f8e31c3,item,1,0,"{""obverse"": ""xxxenophile_xxxenophile_giant-arcturan-brain-in-a-jar"", ""reverse"": ""xxxenophile_card-back""}","{""name_printed"": ""Giant Arcturan Brain in a Jar""}",4bf03ca8-b30f-4c5c-802f-265af7fd3299,5510190f-535a-45cf-89a5-e910b2a7d475,Giant Arcturan Brain in a Jar,Giant Arcturan Brain in a Jar,{},xxxenophile_xxxenophile_giant-arcturan-brain-in-a-jar
26b6478e-bc81-4369-b8a6-41116f77161d,item,1,0,"{""obverse"": ""xxxenophile_xxxenophile_governor-weems"", ""reverse"": ""xxxenophile_card-back""}","{""name_printed"": ""Governor Weems""}",4bf03ca8-b30f-4c5c-802f-265af7fd3299,5510190f-535a-45cf-89a5-e910b2a7d475,Governor Weems,Governor Weems,{},xxxenophile_xxxenophile_governor-weems
cbac0fed-c32d-4a60-988d-a0af5a932d6d,third-party-document,0,0,"{""obverse"": ""xxxenophile_xxxenophile_greased-pig"", ""reverse"": ""xxxenophile_card-back""}","{""name_printed"": ""Greased Pig""}",4bf03ca8-b30f-4c5c-802f-265af7fd3299,5510190f-535a-45cf-89a5-e910b2a7d475,Greased Pig,Greased Pig,{},xxxenophile_xxxenophile_greased-pig
54a5bc3c-391f-4397-9396-260b22398f75,item,1,0,"{""obverse"": ""xxxenophile_xxxenophile_green-light-district"", ""reverse"": ""xxxenophile_card-back""}","{""name_printed"": ""Green Light District""}",4bf03ca8-b30f-4c5c-802f-265af7fd3299,5510190f-535a-45cf-89a5-e910b2a7d475,Green Light District,Green Light District,{},xxxenophile_xxxenophile_green-light-district
e2b03c28-e0c1-4954-8683-e6d076eea624,item,1,0,"{""obverse"": ""xxxenophile_xxxenophile_headmistress-holly"", ""reverse"": ""xxxenophile_card-back""}","{""name_printed"": ""Headmistress Holly""}",4bf03ca8-b30f-4c5c-802f-265af7fd3299,5510190f-535a-45cf-89a5-e910b2a7d475,Headmistress Holly,Headmistress Holly,{},xxxenophile_xxxenophile_headmistress-holly
dd164dbe-dade-4707-85c2-86ff1fb3fc80,item,1,0,"{""obverse"": ""xxxenophile_xxxenophile_heemu-fee"", ""reverse"": ""xxxenophile_card-back""}","{""name_printed"": ""Heemu Fee""}",4bf03ca8-b30f-4c5c-802f-265af7fd3299,5510190f-535a-45cf-89a5-e910b2a7d475,Heemu Fee,Heemu Fee,{},xxxenophile_xxxenophile_heemu-fee
14ddd35a-695f-4638-a046-08793c2be094,item,1,0,"{""obverse"": ""xxxenophile_xxxenophile_helen-highwater"", ""reverse"": ""xxxenophile_card-back""}","{""name_printed"": ""Helen Highwater""}",4bf03ca8-b30f-4c5c-802f-265af7fd3299,5510190f-535a-45cf-89a5-e910b2a7d475,Helen Highwater,Helen Highwater,{},xxxenophile_xxxenophile_helen-highwater
b3fd7f78-62e1-473b-85dd-20875cf06b0d,third-party-document,0,0,"{""obverse"": ""xxxenophile_xxxenophile_helen-of-troy"", ""reverse"": ""xxxenophile_card-back""}","{""name_printed"": ""Helen of Troy""}",4bf03ca8-b30f-4c5c-802f-265af7fd3299,5510190f-535a-45cf-89a5-e910b2a7d475,Helen of Troy,Helen of Troy,{},xxxenophile_xxxenophile_helen-of-troy
93119f98-44f7-4512-a000-0f10bedb1348,third-party-document,0,0,"{""obverse"": ""xxxenophile_xxxenophile_helena-handbasket"", ""reverse"": ""xxxenophile_card-back""}","{""name_printed"": ""Helena Handbasket""}",4bf03ca8-b30f-4c5c-802f-265af7fd3299,5510190f-535a-45cf-89a5-e910b2a7d475,Helena Handbasket,Helena Handbasket,{},xxxenophile_xxxenophile_helena-handbasket
e7f17b45-4213-4ff3-8172-0e0d25fffd21,third-party-document,0,0,"{""obverse"": ""xxxenophile_xxxenophile_heroine-of-the-revolution"", ""reverse"": ""xxxenophile_card-back""}","{""name_printed"": ""Heroine of the Revolution""}",4bf03ca8-b30f-4c5c-802f-265af7fd3299,5510190f-535a-45cf-89a5-e910b2a7d475,Heroine of the Revolution,Heroine of the Revolution,{},xxxenophile_xxxenophile_heroine-of-the-revolution
231c177e-8500-4da6-8914-cc39a3a4eb26,third-party-document,0,0,"{""obverse"": ""xxxenophile_xxxenophile_high-flyin'-dirigible-of-love"", ""reverse"": ""xxxenophile_card-back""}","{""name_printed"": ""High-Flyin' Dirigible of Love""}",4bf03ca8-b30f-4c5c-802f-265af7fd3299,5510190f-535a-45cf-89a5-e910b2a7d475,High-Flyin' Dirigible of Love,High-Flyin' Dirigible of Love,{},xxxenophile_xxxenophile_high-flyin'-dirigible-of-love
6593de99-89bd-49c9-a5cf-a73b78922213,item,1,0,"{""obverse"": ""xxxenophile_xxxenophile_hir-ha-hur-low-toe,-jr-"", ""reverse"": ""xxxenophile_card-back""}","{""name_printed"": ""Hir-Ha-Hur-Low-Toe, Jr.""}",4bf03ca8-b30f-4c5c-802f-265af7fd3299,5510190f-535a-45cf-89a5-e910b2a7d475,"Hir-Ha-Hur-Low-Toe, Jr.","Hir-Ha-Hur-Low-Toe, Jr.",{},"xxxenophile_xxxenophile_hir-ha-hur-low-toe,-jr-"
d070da0f-c36b-4fb4-878f-183fdc4b11e4,item,1,0,"{""obverse"": ""xxxenophile_xxxenophile_his-girl-tuesday"", ""reverse"": ""xxxenophile_card-back""}","{""name_printed"": ""His Girl Tuesday""}",4bf03ca8-b30f-4c5c-802f-265af7fd3299,5510190f-535a-45cf-89a5-e910b2a7d475,His Girl Tuesday,His Girl Tuesday,{},xxxenophile_xxxenophile_his-girl-tuesday
f3b064ee-2ee1-4d55-ac49-26e47be124fc,third-party-document,0,0,"{""obverse"": ""xxxenophile_xxxenophile_home-entertainment-center"", ""reverse"": ""xxxenophile_card-back""}","{""name_printed"": ""Home Entertainment Center""}",4bf03ca8-b30f-4c5c-802f-265af7fd3299,5510190f-535a-45cf-89a5-e910b2a7d475,Home Entertainment Center,Home Entertainment Center,{},xxxenophile_xxxenophile_home-entertainment-center
1e04f31a-ca22-4f21-a17c-ec061a1f6b8b,third-party-document,0,0,"{""obverse"": ""xxxenophile_xxxenophile_huge-organ"", ""reverse"": ""xxxenophile_card-back""}","{""name_printed"": ""Huge Organ""}",4bf03ca8-b30f-4c5c-802f-265af7fd3299,5510190f-535a-45cf-89a5-e910b2a7d475,Huge Organ,Huge Organ,{},xxxenophile_xxxenophile_huge-organ
3e2425ea-c4e8-4d10-8c84-4d63a3b782d4,item,1,0,"{""obverse"": ""xxxenophile_xxxenophile_huldra-maid"", ""reverse"": ""xxxenophile_card-back""}","{""name_printed"": ""Huldra Maid""}",4bf03ca8-b30f-4c5c-802f-265af7fd3299,5510190f-535a-45cf-89a5-e910b2a7d475,Huldra Maid,Huldra Maid,{},xxxenophile_xxxenophile_huldra-maid
f2a6ce09-730f-4933-b4c3-5243989db541,item,1,0,"{""obverse"": ""xxxenophile_xxxenophile_hung-jury"", ""reverse"": ""xxxenophile_card-back""}","{""name_printed"": ""Hung Jury""}",4bf03ca8-b30f-4c5c-802f-265af7fd3299,5510190f-535a-45cf-89a5-e910b2a7d475,Hung Jury,Hung Jury,{},xxxenophile_xxxenophile_hung-jury
87d448a5-da64-4719-99be-07cf54426f3d,third-party-document,0,0,"{""obverse"": ""xxxenophile_xxxenophile_idyllic-planetoid"", ""reverse"": ""xxxenophile_card-back""}","{""name_printed"": ""Idyllic Planetoid""}",4bf03ca8-b30f-4c5c-802f-265af7fd3299,5510190f-535a-45cf-89a5-e910b2a7d475,Idyllic Planetoid,Idyllic Planetoid,{},xxxenophile_xxxenophile_idyllic-planetoid
83a9e02c-234b-4c34-8c5c-b2e3069c5761,item,1,0,"{""obverse"": ""xxxenophile_xxxenophile_immel,-high-priestess-of-hootabix"", ""reverse"": ""xxxenophile_card-back""}","{""name_printed"": ""Immel, High Priestess of Hootabix""}",4bf03ca8-b30f-4c5c-802f-265af7fd3299,5510190f-535a-45cf-89a5-e910b2a7d475,"Immel, High Priestess of Hootabix","Immel, High Priestess of Hootabix",{},"xxxenophile_xxxenophile_immel,-high-priestess-of-hootabix"
94ab9658-b693-4c6f-b54c-79757512a8b4,third-party-document,0,0,"{""obverse"": ""xxxenophile_xxxenophile_indecent-exposure-gordon"", ""reverse"": ""xxxenophile_card-back""}","{""name_printed"": ""Indecent Exposure Gordon""}",4bf03ca8-b30f-4c5c-802f-265af7fd3299,5510190f-535a-45cf-89a5-e910b2a7d475,Indecent Exposure Gordon,Indecent Exposure Gordon,{},xxxenophile_xxxenophile_indecent-exposure-gordon
467b664c-1581-444c-a0b3-6e01cada5172,item,1,0,"{""obverse"": ""xxxenophile_xxxenophile_iris-green,-gizmo-queen"", ""reverse"": ""xxxenophile_card-back""}","{""name_printed"": ""Iris Green, Gizmo Queen""}",4bf03ca8-b30f-4c5c-802f-265af7fd3299,5510190f-535a-45cf-89a5-e910b2a7d475,"Iris Green, Gizmo Queen","Iris Green, Gizmo Queen",{},"xxxenophile_xxxenophile_iris-green,-gizmo-queen"
a6e713c0-3f58-4ea2-943f-52fe4431ebaf,third-party-document,0,0,"{""obverse"": ""xxxenophile_xxxenophile_island-of-lust-toys"", ""reverse"": ""xxxenophile_card-back""}","{""name_printed"": ""Island of Lust Toys""}",4bf03ca8-b30f-4c5c-802f-265af7fd3299,5510190f-535a-45cf-89a5-e910b2a7d475,Island of Lust Toys,Island of Lust Toys,{},xxxenophile_xxxenophile_island-of-lust-toys
78058938-f16b-43f6-b211-a14b740f6939,third-party-document,0,0,"{""obverse"": ""xxxenophile_xxxenophile_island-of-mu"", ""reverse"": ""xxxenophile_card-back""}","{""name_printed"": ""Island of Mu""}",4bf03ca8-b30f-4c5c-802f-265af7fd3299,5510190f-535a-45cf-89a5-e910b2a7d475,Island of Mu,Island of Mu,{},xxxenophile_xxxenophile_island-of-mu
9f9c42fe-25fb-4060-9771-f23016ad0b9d,item,1,0,"{""obverse"": ""xxxenophile_xxxenophile_jack-tarr"", ""reverse"": ""xxxenophile_card-back""}","{""name_printed"": ""Jack Tarr""}",4bf03ca8-b30f-4c5c-802f-265af7fd3299,5510190f-535a-45cf-89a5-e910b2a7d475,Jack Tarr,Jack Tarr,{},xxxenophile_xxxenophile_jack-tarr
c12c5dd1-42a1-4bd9-b8f2-87b99d475027,item,1,0,"{""obverse"": ""xxxenophile_xxxenophile_jamel-ak-kahreezistin"", ""reverse"": ""xxxenophile_card-back""}","{""name_printed"": ""Jamel Ak-Kahreezistin""}",4bf03ca8-b30f-4c5c-802f-265af7fd3299,5510190f-535a-45cf-89a5-e910b2a7d475,Jamel Ak-Kahreezistin,Jamel Ak-Kahreezistin,{},xxxenophile_xxxenophile_jamel-ak-kahreezistin
4484b4cd-0907-49ce-9413-5a701a0987d9,third-party-document,0,0,"{""obverse"": ""xxxenophile_xxxenophile_james-madison"", ""reverse"": ""xxxenophile_card-back""}","{""name_printed"": ""James Madison""}",4bf03ca8-b30f-4c5c-802f-265af7fd3299,5510190f-535a-45cf-89a5-e910b2a7d475,James Madison,James Madison,{},xxxenophile_xxxenophile_james-madison
99a2793b-1883-4ce1-bfc4-c85842b1a9d9,third-party-document,0,0,"{""obverse"": ""xxxenophile_xxxenophile_jerry-wa"", ""reverse"": ""xxxenophile_card-back""}","{""name_printed"": ""Jerry Wa""}",4bf03ca8-b30f-4c5c-802f-265af7fd3299,5510190f-535a-45cf-89a5-e910b2a7d475,Jerry Wa,Jerry Wa,{},xxxenophile_xxxenophile_jerry-wa
d6642daf-9fd5-4c30-8819-2f2693d2d49c,third-party-document,0,0,"{""obverse"": ""xxxenophile_xxxenophile_jillian-billion"", ""reverse"": ""xxxenophile_card-back""}","{""name_printed"": ""Jillian Billion""}",4bf03ca8-b30f-4c5c-802f-265af7fd3299,5510190f-535a-45cf-89a5-e910b2a7d475,Jillian Billion,Jillian Billion,{},xxxenophile_xxxenophile_jillian-billion
6720091a-8962-41d9-a3e4-4e57ef4a5751,item,1,0,"{""obverse"": ""xxxenophile_xxxenophile_john-of-gaunt"", ""reverse"": ""xxxenophile_card-back""}","{""name_printed"": ""John of Gaunt""}",4bf03ca8-b30f-4c5c-802f-265af7fd3299,5510190f-535a-45cf-89a5-e910b2a7d475,John of Gaunt,John of Gaunt,{},xxxenophile_xxxenophile_john-of-gaunt
5432e784-acaf-4fa5-a87a-bc430a20535d,item,1,0,"{""obverse"": ""xxxenophile_xxxenophile_julie-ann-frye"", ""reverse"": ""xxxenophile_card-back""}","{""name_printed"": ""Julie Ann Frye""}",4bf03ca8-b30f-4c5c-802f-265af7fd3299,5510190f-535a-45cf-89a5-e910b2a7d475,Julie Ann Frye,Julie Ann Frye,{},xxxenophile_xxxenophile_julie-ann-frye
91e717cb-b6a3-4670-905b-e7a21f93c059,item,1,0,"{""obverse"": ""xxxenophile_xxxenophile_killer-b-girl"", ""reverse"": ""xxxenophile_card-back""}","{""name_printed"": ""Killer B-Girl""}",4bf03ca8-b30f-4c5c-802f-265af7fd3299,5510190f-535a-45cf-89a5-e910b2a7d475,Killer B-Girl,Killer B-Girl,{},xxxenophile_xxxenophile_killer-b-girl
f8268bd0-9b16-43c9-859b-4ab4418560d1,third-party-document,0,0,"{""obverse"": ""xxxenophile_xxxenophile_king-leer"", ""reverse"": ""xxxenophile_card-back""}","{""name_printed"": ""King Leer""}",4bf03ca8-b30f-4c5c-802f-265af7fd3299,5510190f-535a-45cf-89a5-e910b2a7d475,King Leer,King Leer,{},xxxenophile_xxxenophile_king-leer
cf50be49-be3b-4aed-a67f-a184966d971e,item,1,0,"{""obverse"": ""xxxenophile_xxxenophile_king-wazaromo-xxiii"", ""reverse"": ""xxxenophile_card-back""}","{""name_printed"": ""King Wazaromo XXIII""}",4bf03ca8-b30f-4c5c-802f-265af7fd3299,5510190f-535a-45cf-89a5-e910b2a7d475,King Wazaromo XXIII,King Wazaromo XXIII,{},xxxenophile_xxxenophile_king-wazaromo-xxiii
64b76bc5-5ed7-4a1b-bfe5-687f884e9671,item,1,0,"{""obverse"": ""xxxenophile_xxxenophile_kintu,-the-first-man"", ""reverse"": ""xxxenophile_card-back""}","{""name_printed"": ""Kintu, the First Man""}",4bf03ca8-b30f-4c5c-802f-265af7fd3299,5510190f-535a-45cf-89a5-e910b2a7d475,"Kintu, the First Man","Kintu, the First Man",{},"xxxenophile_xxxenophile_kintu,-the-first-man"
8e297cec-3b02-490a-a260-2cdcbdded50d,third-party-document,0,0,"{""obverse"": ""xxxenophile_xxxenophile_klipshack-dragonspawn"", ""reverse"": ""xxxenophile_card-back""}","{""name_printed"": ""Klipshack Dragonspawn""}",4bf03ca8-b30f-4c5c-802f-265af7fd3299,5510190f-535a-45cf-89a5-e910b2a7d475,Klipshack Dragonspawn,Klipshack Dragonspawn,{},xxxenophile_xxxenophile_klipshack-dragonspawn
09d24553-de43-4abc-8e63-ad4a352bdc2f,third-party-document,0,0,"{""obverse"": ""xxxenophile_xxxenophile_kublai-khan-and-molly"", ""reverse"": ""xxxenophile_card-back""}","{""name_printed"": ""Kublai Khan and Molly""}",4bf03ca8-b30f-4c5c-802f-265af7fd3299,5510190f-535a-45cf-89a5-e910b2a7d475,Kublai Khan and Molly,Kublai Khan and Molly,{},xxxenophile_xxxenophile_kublai-khan-and-molly
d24de69f-c03d-4db4-bd90-4deb9d4b8965,third-party-document,0,0,"{""obverse"": ""xxxenophile_xxxenophile_kwai'utl"", ""reverse"": ""xxxenophile_card-back""}","{""name_printed"": ""Kwai'utl""}",4bf03ca8-b30f-4c5c-802f-265af7fd3299,5510190f-535a-45cf-89a5-e910b2a7d475,Kwai'utl,Kwai'utl,{},xxxenophile_xxxenophile_kwai'utl
3f5fb78b-acab-4643-bba5-c524d9f13ffc,item,1,0,"{""obverse"": ""xxxenophile_xxxenophile_lab-assistant-laurie"", ""reverse"": ""xxxenophile_card-back""}","{""name_printed"": ""Lab Assistant Laurie""}",4bf03ca8-b30f-4c5c-802f-265af7fd3299,5510190f-535a-45cf-89a5-e910b2a7d475,Lab Assistant Laurie,Lab Assistant Laurie,{},xxxenophile_xxxenophile_lab-assistant-laurie
47882a1c-89fd-4cb7-bfec-1f14ad1ae997,item,1,0,"{""obverse"": ""xxxenophile_xxxenophile_lady-atosa"", ""reverse"": ""xxxenophile_card-back""}","{""name_printed"": ""Lady Atosa""}",4bf03ca8-b30f-4c5c-802f-265af7fd3299,5510190f-535a-45cf-89a5-e910b2a7d475,Lady Atosa,Lady Atosa,{},xxxenophile_xxxenophile_lady-atosa
411ad60c-97cb-4bc3-8447-1eb6d7cde885,third-party-document,0,0,"{""obverse"": ""xxxenophile_xxxenophile_lazlo,-exhibitionist-from-neptune"", ""reverse"": ""xxxenophile_card-back""}","{""name_printed"": ""Lazlo, Exhibitionist from Neptune""}",4bf03ca8-b30f-4c5c-802f-265af7fd3299,5510190f-535a-45cf-89a5-e910b2a7d475,"Lazlo, Exhibitionist from Neptune","Lazlo, Exhibitionist from Neptune",{},"xxxenophile_xxxenophile_lazlo,-exhibitionist-from-neptune"
55f590f9-a9dd-45cc-b780-018e5b7046c4,third-party-document,0,0,"{""obverse"": ""xxxenophile_xxxenophile_le-petit-mort"", ""reverse"": ""xxxenophile_card-back""}","{""name_printed"": ""Le Petit Mort""}",4bf03ca8-b30f-4c5c-802f-265af7fd3299,5510190f-535a-45cf-89a5-e910b2a7d475,Le Petit Mort,Le Petit Mort,{},xxxenophile_xxxenophile_le-petit-mort
6f3a50d1-54ad-42ad-b2d5-2b9f51db2669,item,1,0,"{""obverse"": ""xxxenophile_xxxenophile_leather-lads-of-lomax"", ""reverse"": ""xxxenophile_card-back""}","{""name_printed"": ""Leather Lads of Lomax""}",4bf03ca8-b30f-4c5c-802f-265af7fd3299,5510190f-535a-45cf-89a5-e910b2a7d475,Leather Lads of Lomax,Leather Lads of Lomax,{},xxxenophile_xxxenophile_leather-lads-of-lomax
6ce0d96f-33bc-4c5a-92f2-11da2cfa9009,item,1,0,"{""obverse"": ""xxxenophile_xxxenophile_leda-and-the-gecko"", ""reverse"": ""xxxenophile_card-back""}","{""name_printed"": ""Leda and the Gecko""}",4bf03ca8-b30f-4c5c-802f-265af7fd3299,5510190f-535a-45cf-89a5-e910b2a7d475,Leda and the Gecko,Leda and the Gecko,{},xxxenophile_xxxenophile_leda-and-the-gecko
7890b297-9c07-492c-8d9c-1a0a97a48c14,item,1,0,"{""obverse"": ""xxxenophile_xxxenophile_leilani"", ""reverse"": ""xxxenophile_card-back""}","{""name_printed"": ""Leilani""}",4bf03ca8-b30f-4c5c-802f-265af7fd3299,5510190f-535a-45cf-89a5-e910b2a7d475,Leilani,Leilani,{},xxxenophile_xxxenophile_leilani
d1fc1e91-29b6-482b-9d8a-bc3778f22ff6,third-party-document,0,0,"{""obverse"": ""xxxenophile_xxxenophile_lil'-robot-buddy"", ""reverse"": ""xxxenophile_card-back""}","{""name_printed"": ""Lil' Robot Buddy""}",4bf03ca8-b30f-4c5c-802f-265af7fd3299,5510190f-535a-45cf-89a5-e910b2a7d475,Lil' Robot Buddy,Lil' Robot Buddy,{},xxxenophile_xxxenophile_lil'-robot-buddy
560d54d1-7f3c-48f7-9454-3fc2a161fb2b,third-party-document,0,0,"{""obverse"": ""xxxenophile_xxxenophile_lilith"", ""reverse"": ""xxxenophile_card-back""}","{""name_printed"": ""Lilith""}",4bf03ca8-b30f-4c5c-802f-265af7fd3299,5510190f-535a-45cf-89a5-e910b2a7d475,Lilith,Lilith,{},xxxenophile_xxxenophile_lilith
c1ddec7b-2e12-4062-a672-3af93d819476,third-party-document,0,0,"{""obverse"": ""xxxenophile_xxxenophile_lio-of-ion-clan"", ""reverse"": ""xxxenophile_card-back""}","{""name_printed"": ""Lio of Ion Clan""}",4bf03ca8-b30f-4c5c-802f-265af7fd3299,5510190f-535a-45cf-89a5-e910b2a7d475,Lio of Ion Clan,Lio of Ion Clan,{},xxxenophile_xxxenophile_lio-of-ion-clan
e9209294-52f2-4f91-9ddc-5a8f8e8fdc87,item,1,0,"{""obverse"": ""xxxenophile_xxxenophile_lord-thermofax"", ""reverse"": ""xxxenophile_card-back""}","{""name_printed"": ""Lord Thermofax""}",4bf03ca8-b30f-4c5c-802f-265af7fd3299,5510190f-535a-45cf-89a5-e910b2a7d475,Lord Thermofax,Lord Thermofax,{},xxxenophile_xxxenophile_lord-thermofax
247c9e03-761a-4d82-a1c3-ec47da2b9761,item,1,0,"{""obverse"": ""xxxenophile_xxxenophile_lost-planet-of-avalon"", ""reverse"": ""xxxenophile_card-back""}","{""name_printed"": ""Lost Planet of Avalon""}",4bf03ca8-b30f-4c5c-802f-265af7fd3299,5510190f-535a-45cf-89a5-e910b2a7d475,Lost Planet of Avalon,Lost Planet of Avalon,{},xxxenophile_xxxenophile_lost-planet-of-avalon
d338dafe-728f-487b-a06a-d28fb6aa77f5,third-party-document,0,0,"{""obverse"": ""xxxenophile_xxxenophile_lost-temple-of-hootcheeku"", ""reverse"": ""xxxenophile_card-back""}","{""name_printed"": ""Lost Temple of Hootcheeku""}",4bf03ca8-b30f-4c5c-802f-265af7fd3299,5510190f-535a-45cf-89a5-e910b2a7d475,Lost Temple of Hootcheeku,Lost Temple of Hootcheeku,{},xxxenophile_xxxenophile_lost-temple-of-hootcheeku
0313d527-4b06-423f-a569-50bc6ce3bc98,item,1,0,"{""obverse"": ""xxxenophile_xxxenophile_lovely-inga,-the-milkmaid"", ""reverse"": ""xxxenophile_card-back""}","{""name_printed"": ""Lovely Inga, the Milkmaid""}",4bf03ca8-b30f-4c5c-802f-265af7fd3299,5510190f-535a-45cf-89a5-e910b2a7d475,"Lovely Inga, the Milkmaid","Lovely Inga, the Milkmaid",{},"xxxenophile_xxxenophile_lovely-inga,-the-milkmaid"
f773cb70-846e-426e-aa51-a8b76e9cfb81,third-party-document,0,0,"{""obverse"": ""xxxenophile_xxxenophile_madame-de-pompadour"", ""reverse"": ""xxxenophile_card-back""}","{""name_printed"": ""Madame de Pompadour""}",4bf03ca8-b30f-4c5c-802f-265af7fd3299,5510190f-535a-45cf-89a5-e910b2a7d475,Madame de Pompadour,Madame de Pompadour,{},xxxenophile_xxxenophile_madame-de-pompadour
c4b76a32-8099-46d1-a4a1-5774deedce84,third-party-document,0,0,"{""obverse"": ""xxxenophile_xxxenophile_magic-whirlpool"", ""reverse"": ""xxxenophile_card-back""}","{""name_printed"": ""Magic Whirlpool""}",4bf03ca8-b30f-4c5c-802f-265af7fd3299,5510190f-535a-45cf-89a5-e910b2a7d475,Magic Whirlpool,Magic Whirlpool,{},xxxenophile_xxxenophile_magic-whirlpool
f43ff9b5-911a-4550-a89c-05c15e327c18,third-party-document,0,0,"{""obverse"": ""xxxenophile_xxxenophile_marital-artist"", ""reverse"": ""xxxenophile_card-back""}","{""name_printed"": ""Marital Artist""}",4bf03ca8-b30f-4c5c-802f-265af7fd3299,5510190f-535a-45cf-89a5-e910b2a7d475,Marital Artist,Marital Artist,{},xxxenophile_xxxenophile_marital-artist
1c9a6700-4323-49b2-8916-9ca63e1471df,third-party-document,0,0,"{""obverse"": ""xxxenophile_xxxenophile_marquis-de-sade"", ""reverse"": ""xxxenophile_card-back""}","{""name_printed"": ""Marquis de Sade""}",4bf03ca8-b30f-4c5c-802f-265af7fd3299,5510190f-535a-45cf-89a5-e910b2a7d475,Marquis de Sade,Marquis de Sade,{},xxxenophile_xxxenophile_marquis-de-sade
df4ebffd-b20e-4484-8c8b-40658ff09dc6,item,1,0,"{""obverse"": ""xxxenophile_xxxenophile_martian-queen"", ""reverse"": ""xxxenophile_card-back""}","{""name_printed"": ""Martian Queen""}",4bf03ca8-b30f-4c5c-802f-265af7fd3299,5510190f-535a-45cf-89a5-e910b2a7d475,Martian Queen,Martian Queen,{},xxxenophile_xxxenophile_martian-queen
a22204bf-83fd-452a-8d5f-a44122249d45,item,1,0,"{""obverse"": ""xxxenophile_xxxenophile_martian-warrior"", ""reverse"": ""xxxenophile_card-back""}","{""name_printed"": ""Martian Warrior""}",4bf03ca8-b30f-4c5c-802f-265af7fd3299,5510190f-535a-45cf-89a5-e910b2a7d475,Martian Warrior,Martian Warrior,{},xxxenophile_xxxenophile_martian-warrior
a669b86e-f415-4492-a1fa-379c8d3141d7,third-party-document,0,0,"{""obverse"": ""xxxenophile_xxxenophile_marvin-teeth"", ""reverse"": ""xxxenophile_card-back""}","{""name_printed"": ""Marvin Teeth""}",4bf03ca8-b30f-4c5c-802f-265af7fd3299,5510190f-535a-45cf-89a5-e910b2a7d475,Marvin Teeth,Marvin Teeth,{},xxxenophile_xxxenophile_marvin-teeth
6a79c07b-e9f9-4c92-b614-140e7bde81ca,item,1,0,"{""obverse"": ""xxxenophile_xxxenophile_master-of-tantric-sax"", ""reverse"": ""xxxenophile_card-back""}","{""name_printed"": ""Master of Tantric Sax""}",4bf03ca8-b30f-4c5c-802f-265af7fd3299,5510190f-535a-45cf-89a5-e910b2a7d475,Master of Tantric Sax,Master of Tantric Sax,{},xxxenophile_xxxenophile_master-of-tantric-sax
55310629-3388-4332-89fc-65d4b2d5873a,third-party-document,0,0,"{""obverse"": ""xxxenophile_xxxenophile_master-of-the-cyber-geisha"", ""reverse"": ""xxxenophile_card-back""}","{""name_printed"": ""Master of the Cyber-Geisha""}",4bf03ca8-b30f-4c5c-802f-265af7fd3299,5510190f-535a-45cf-89a5-e910b2a7d475,Master of the Cyber-Geisha,Master of the Cyber-Geisha,{},xxxenophile_xxxenophile_master-of-the-cyber-geisha
315fda1a-510b-4f8d-82a4-993e30578828,third-party-document,0,0,"{""obverse"": ""xxxenophile_xxxenophile_mata-hari"", ""reverse"": ""xxxenophile_card-back""}","{""name_printed"": ""Mata Hari""}",4bf03ca8-b30f-4c5c-802f-265af7fd3299,5510190f-535a-45cf-89a5-e910b2a7d475,Mata Hari,Mata Hari,{},xxxenophile_xxxenophile_mata-hari
fceac406-f0d2-4e97-948a-7dca3ba16aff,item,1,0,"{""obverse"": ""xxxenophile_xxxenophile_medical-officer-roytman"", ""reverse"": ""xxxenophile_card-back""}","{""name_printed"": ""Medical Officer Roytman""}",4bf03ca8-b30f-4c5c-802f-265af7fd3299,5510190f-535a-45cf-89a5-e910b2a7d475,Medical Officer Roytman,Medical Officer Roytman,{},xxxenophile_xxxenophile_medical-officer-roytman
dc4931ed-f5cd-4fc9-bda3-c4cfa5b1ff92,item,1,0,"{""obverse"": ""xxxenophile_xxxenophile_meedrax-dragonget"", ""reverse"": ""xxxenophile_card-back""}","{""name_printed"": ""Meedrax Dragonget""}",4bf03ca8-b30f-4c5c-802f-265af7fd3299,5510190f-535a-45cf-89a5-e910b2a7d475,Meedrax Dragonget,Meedrax Dragonget,{},xxxenophile_xxxenophile_meedrax-dragonget
df401657-22b7-44c2-b1a7-a9a85495493b,item,1,0,"{""obverse"": ""xxxenophile_xxxenophile_men-in-black-leather"", ""reverse"": ""xxxenophile_card-back""}","{""name_printed"": ""Men in Black Leather""}",4bf03ca8-b30f-4c5c-802f-265af7fd3299,5510190f-535a-45cf-89a5-e910b2a7d475,Men in Black Leather,Men in Black Leather,{},xxxenophile_xxxenophile_men-in-black-leather
1a4c7d5e-5bfa-41fb-8220-ad08c243bd56,item,1,0,"{""obverse"": ""xxxenophile_xxxenophile_milady's-chambers"", ""reverse"": ""xxxenophile_card-back""}","{""name_printed"": ""Milady's Chambers""}",4bf03ca8-b30f-4c5c-802f-265af7fd3299,5510190f-535a-45cf-89a5-e910b2a7d475,Milady's Chambers,Milady's Chambers,{},xxxenophile_xxxenophile_milady's-chambers
fb0162c1-8857-4ada-b9c4-e267c2ac285f,third-party-document,0,0,"{""obverse"": ""xxxenophile_xxxenophile_mind-blower"", ""reverse"": ""xxxenophile_card-back""}","{""name_printed"": ""Mind Blower""}",4bf03ca8-b30f-4c5c-802f-265af7fd3299,5510190f-535a-45cf-89a5-e910b2a7d475,Mind Blower,Mind Blower,{},xxxenophile_xxxenophile_mind-blower
305f5501-5249-489b-a5d6-4fa4a920c7e2,item,1,0,"{""obverse"": ""xxxenophile_xxxenophile_mind-control-doodad"", ""reverse"": ""xxxenophile_card-back""}","{""name_printed"": ""Mind Control Doodad""}",4bf03ca8-b30f-4c5c-802f-265af7fd3299,5510190f-535a-45cf-89a5-e910b2a7d475,Mind Control Doodad,Mind Control Doodad,{},xxxenophile_xxxenophile_mind-control-doodad
a1602148-199f-4306-9533-a8406e33ddae,third-party-document,0,0,"{""obverse"": ""xxxenophile_xxxenophile_minoan-bull-dancer"", ""reverse"": ""xxxenophile_card-back""}","{""name_printed"": ""Minoan Bull Dancer""}",4bf03ca8-b30f-4c5c-802f-265af7fd3299,5510190f-535a-45cf-89a5-e910b2a7d475,Minoan Bull Dancer,Minoan Bull Dancer,{},xxxenophile_xxxenophile_minoan-bull-dancer
8b8e9f1c-68ce-4699-b7a8-ee9bc2dd6e6d,third-party-document,0,0,"{""obverse"": ""xxxenophile_xxxenophile_miranda"", ""reverse"": ""xxxenophile_card-back""}","{""name_printed"": ""Miranda""}",4bf03ca8-b30f-4c5c-802f-265af7fd3299,5510190f-535a-45cf-89a5-e910b2a7d475,Miranda,Miranda,{},xxxenophile_xxxenophile_miranda
34ac2053-76b0-4b2e-9248-311ae89ebaf4,item,1,0,"{""obverse"": ""xxxenophile_xxxenophile_mistress-acapella-house"", ""reverse"": ""xxxenophile_card-back""}","{""name_printed"": ""Mistress Acapella House""}",4bf03ca8-b30f-4c5c-802f-265af7fd3299,5510190f-535a-45cf-89a5-e910b2a7d475,Mistress Acapella House,Mistress Acapella House,{},xxxenophile_xxxenophile_mistress-acapella-house
638630d9-7f00-4a51-95cc-7caf0362d2b1,third-party-document,0,0,"{""obverse"": ""xxxenophile_xxxenophile_mistress-of-the-close-encounter"", ""reverse"": ""xxxenophile_card-back""}","{""name_printed"": ""Mistress of the Close Encounter""}",4bf03ca8-b30f-4c5c-802f-265af7fd3299,5510190f-535a-45cf-89a5-e910b2a7d475,Mistress of the Close Encounter,Mistress of the Close Encounter,{},xxxenophile_xxxenophile_mistress-of-the-close-encounter
26e6338a-3271-4cc9-b97f-a251b29c4794,item,1,0,"{""obverse"": ""xxxenophile_xxxenophile_moon-palace"", ""reverse"": ""xxxenophile_card-back""}","{""name_printed"": ""Moon Palace""}",4bf03ca8-b30f-4c5c-802f-265af7fd3299,5510190f-535a-45cf-89a5-e910b2a7d475,Moon Palace,Moon Palace,{},xxxenophile_xxxenophile_moon-palace
a3589b4f-025a-46be-b94c-b28f8a77db1f,third-party-document,0,0,"{""obverse"": ""xxxenophile_xxxenophile_mr--right"", ""reverse"": ""xxxenophile_card-back""}","{""name_printed"": ""Mr. Right""}",4bf03ca8-b30f-4c5c-802f-265af7fd3299,5510190f-535a-45cf-89a5-e910b2a7d475,Mr. Right,Mr. Right,{},xxxenophile_xxxenophile_mr--right
fae244ad-3abe-4926-84e6-4edf6e9614d2,item,1,0,"{""obverse"": ""xxxenophile_xxxenophile_ms--right"", ""reverse"": ""xxxenophile_card-back""}","{""name_printed"": ""Ms. Right""}",4bf03ca8-b30f-4c5c-802f-265af7fd3299,5510190f-535a-45cf-89a5-e910b2a7d475,Ms. Right,Ms. Right,{},xxxenophile_xxxenophile_ms--right
ae11cd70-5829-4dd0-8528-8371105d3e1e,third-party-document,0,0,"{""obverse"": ""xxxenophile_xxxenophile_my-favorite-venusian"", ""reverse"": ""xxxenophile_card-back""}","{""name_printed"": ""My Favorite Venusian""}",4bf03ca8-b30f-4c5c-802f-265af7fd3299,5510190f-535a-45cf-89a5-e910b2a7d475,My Favorite Venusian,My Favorite Venusian,{},xxxenophile_xxxenophile_my-favorite-venusian
1d4946c6-3bdd-49b2-a8f5-f809b1e42023,third-party-document,0,0,"{""obverse"": ""xxxenophile_xxxenophile_my-gazebo-on-ganymede"", ""reverse"": ""xxxenophile_card-back""}","{""name_printed"": ""My Gazebo on Ganymede""}",4bf03ca8-b30f-4c5c-802f-265af7fd3299,5510190f-535a-45cf-89a5-e910b2a7d475,My Gazebo on Ganymede,My Gazebo on Ganymede,{},xxxenophile_xxxenophile_my-gazebo-on-ganymede
b3d5cdf8-5f4e-4e70-8ca5-d03c33445c87,third-party-document,0,0,"{""obverse"": ""xxxenophile_xxxenophile_mysterious-dr--pushtak"", ""reverse"": ""xxxenophile_card-back""}","{""name_printed"": ""Mysterious Dr. Pushtak""}",4bf03ca8-b30f-4c5c-802f-265af7fd3299,5510190f-535a-45cf-89a5-e910b2a7d475,Mysterious Dr. Pushtak,Mysterious Dr. Pushtak,{},xxxenophile_xxxenophile_mysterious-dr--pushtak
c54647a8-2921-4556-bc65-fdbf7fbdd491,third-party-document,0,0,"{""obverse"": ""xxxenophile_xxxenophile_naked-city"", ""reverse"": ""xxxenophile_card-back""}","{""name_printed"": ""Naked City""}",4bf03ca8-b30f-4c5c-802f-265af7fd3299,5510190f-535a-45cf-89a5-e910b2a7d475,Naked City,Naked City,{},xxxenophile_xxxenophile_naked-city
2941462f-6ba0-47ea-993d-0a5d2701522f,third-party-document,0,0,"{""obverse"": ""xxxenophile_xxxenophile_narcissus"", ""reverse"": ""xxxenophile_card-back""}","{""name_printed"": ""Narcissus""}",4bf03ca8-b30f-4c5c-802f-265af7fd3299,5510190f-535a-45cf-89a5-e910b2a7d475,Narcissus,Narcissus,{},xxxenophile_xxxenophile_narcissus
d9a7e426-e2d5-4e69-9fd8-c48d9e141f16,third-party-document,0,0,"{""obverse"": ""xxxenophile_xxxenophile_narnax,-janitor-of-the-jungle"", ""reverse"": ""xxxenophile_card-back""}","{""name_printed"": ""Narnax, Janitor of the Jungle""}",4bf03ca8-b30f-4c5c-802f-265af7fd3299,5510190f-535a-45cf-89a5-e910b2a7d475,"Narnax, Janitor of the Jungle","Narnax, Janitor of the Jungle",{},"xxxenophile_xxxenophile_narnax,-janitor-of-the-jungle"
1a9a7ccc-a8f7-4ca3-8561-dcd1365fcc51,third-party-document,0,0,"{""obverse"": ""xxxenophile_xxxenophile_net-surfer"", ""reverse"": ""xxxenophile_card-back""}","{""name_printed"": ""Net Surfer""}",4bf03ca8-b30f-4c5c-802f-265af7fd3299,5510190f-535a-45cf-89a5-e910b2a7d475,Net Surfer,Net Surfer,{},xxxenophile_xxxenophile_net-surfer
bf7674a7-2ab9-4e96-b5bc-df32fdf938b3,item,1,0,"{""obverse"": ""xxxenophile_xxxenophile_nether-region-nine"", ""reverse"": ""xxxenophile_card-back""}","{""name_printed"": ""Nether Region Nine""}",4bf03ca8-b30f-4c5c-802f-265af7fd3299,5510190f-535a-45cf-89a5-e910b2a7d475,Nether Region Nine,Nether Region Nine,{},xxxenophile_xxxenophile_nether-region-nine
0455bb74-3249-4e89-bfcf-c196b3e57cd5,third-party-document,0,0,"{""obverse"": ""xxxenophile_xxxenophile_nibbly-noo,-phone-sex-goddess"", ""reverse"": ""xxxenophile_card-back""}","{""name_printed"": ""Nibbly Noo, Phone Sex Goddess""}",4bf03ca8-b30f-4c5c-802f-265af7fd3299,5510190f-535a-45cf-89a5-e910b2a7d475,"Nibbly Noo, Phone Sex Goddess","Nibbly Noo, Phone Sex Goddess",{},"xxxenophile_xxxenophile_nibbly-noo,-phone-sex-goddess"
adad5e7f-0a46-4444-9f73-666581f7398a,item,1,0,"{""obverse"": ""xxxenophile_xxxenophile_nicely-curved-space"", ""reverse"": ""xxxenophile_card-back""}","{""name_printed"": ""Nicely Curved Space""}",4bf03ca8-b30f-4c5c-802f-265af7fd3299,5510190f-535a-45cf-89a5-e910b2a7d475,Nicely Curved Space,Nicely Curved Space,{},xxxenophile_xxxenophile_nicely-curved-space
5d17fe6d-f513-418b-ae69-f99376b37754,third-party-document,0,0,"{""obverse"": ""xxxenophile_xxxenophile_nik,-fodunk-of-the-glass-sveege"", ""reverse"": ""xxxenophile_card-back""}","{""name_printed"": ""Nik, Fodunk of the Glass Sveege""}",4bf03ca8-b30f-4c5c-802f-265af7fd3299,5510190f-535a-45cf-89a5-e910b2a7d475,"Nik, Fodunk of the Glass Sveege","Nik, Fodunk of the Glass Sveege",{},"xxxenophile_xxxenophile_nik,-fodunk-of-the-glass-sveege"
30899411-928d-427c-942e-17d7807cdfbb,item,1,0,"{""obverse"": ""xxxenophile_xxxenophile_nine-inch-neil"", ""reverse"": ""xxxenophile_card-back""}","{""name_printed"": ""Nine Inch Neil""}",4bf03ca8-b30f-4c5c-802f-265af7fd3299,5510190f-535a-45cf-89a5-e910b2a7d475,Nine Inch Neil,Nine Inch Neil,{},xxxenophile_xxxenophile_nine-inch-neil
9e6f7ffc-ca23-46b7-b98a-5f44eb515fb5,item,1,0,"{""obverse"": ""xxxenophile_xxxenophile_nuclear-powered-vibrator"", ""reverse"": ""xxxenophile_card-back""}","{""name_printed"": ""Nuclear Powered Vibrator""}",4bf03ca8-b30f-4c5c-802f-265af7fd3299,5510190f-535a-45cf-89a5-e910b2a7d475,Nuclear Powered Vibrator,Nuclear Powered Vibrator,{},xxxenophile_xxxenophile_nuclear-powered-vibrator
9facba06-29d4-426c-99e5-373a8499f284,item,1,0,"{""obverse"": ""xxxenophile_xxxenophile_nude-ranch"", ""reverse"": ""xxxenophile_card-back""}","{""name_printed"": ""Nude Ranch""}",4bf03ca8-b30f-4c5c-802f-265af7fd3299,5510190f-535a-45cf-89a5-e910b2a7d475,Nude Ranch,Nude Ranch,{},xxxenophile_xxxenophile_nude-ranch
d3469c03-d902-43aa-9801-8a9209f50087,third-party-document,0,0,"{""obverse"": ""xxxenophile_xxxenophile_odeon-hammersmith"", ""reverse"": ""xxxenophile_card-back""}","{""name_printed"": ""Odeon Hammersmith""}",4bf03ca8-b30f-4c5c-802f-265af7fd3299,5510190f-535a-45cf-89a5-e910b2a7d475,Odeon Hammersmith,Odeon Hammersmith,{},xxxenophile_xxxenophile_odeon-hammersmith
5b07391f-2093-422a-95d0-a1cb2aab0e2a,third-party-document,0,0,"{""obverse"": ""xxxenophile_xxxenophile_officer-friendly"", ""reverse"": ""xxxenophile_card-back""}","{""name_printed"": ""Officer Friendly""}",4bf03ca8-b30f-4c5c-802f-265af7fd3299,5510190f-535a-45cf-89a5-e910b2a7d475,Officer Friendly,Officer Friendly,{},xxxenophile_xxxenophile_officer-friendly
7ba4965d-7ea9-479c-9f63-74ba3dd868d2,third-party-document,0,0,"{""obverse"": ""xxxenophile_xxxenophile_okaraska"", ""reverse"": ""xxxenophile_card-back""}","{""name_printed"": ""Okaraska""}",4bf03ca8-b30f-4c5c-802f-265af7fd3299,5510190f-535a-45cf-89a5-e910b2a7d475,Okaraska,Okaraska,{},xxxenophile_xxxenophile_okaraska
6b21f271-fd91-4f31-ac6c-b9b5b875c1ef,third-party-document,0,0,"{""obverse"": ""xxxenophile_xxxenophile_one-night-stan"", ""reverse"": ""xxxenophile_card-back""}","{""name_printed"": ""One Night Stan""}",4bf03ca8-b30f-4c5c-802f-265af7fd3299,5510190f-535a-45cf-89a5-e910b2a7d475,One Night Stan,One Night Stan,{},xxxenophile_xxxenophile_one-night-stan
5fdd9c31-1847-4862-9711-b32683821e1f,item,1,0,"{""obverse"": ""xxxenophile_xxxenophile_oob-the-naiad"", ""reverse"": ""xxxenophile_card-back""}","{""name_printed"": ""Oob the Naiad""}",4bf03ca8-b30f-4c5c-802f-265af7fd3299,5510190f-535a-45cf-89a5-e910b2a7d475,Oob the Naiad,Oob the Naiad,{},xxxenophile_xxxenophile_oob-the-naiad
051dcf4e-84b0-489a-bb75-32b333a2fc6c,third-party-document,0,0,"{""obverse"": ""xxxenophile_xxxenophile_orgasm-lass"", ""reverse"": ""xxxenophile_card-back""}","{""name_printed"": ""Orgasm Lass""}",4bf03ca8-b30f-4c5c-802f-265af7fd3299,5510190f-535a-45cf-89a5-e910b2a7d475,Orgasm Lass,Orgasm Lass,{},xxxenophile_xxxenophile_orgasm-lass
6b4ea9f4-8953-40cd-8cc7-043477ffd2d0,item,1,0,"{""obverse"": ""xxxenophile_xxxenophile_pan"", ""reverse"": ""xxxenophile_card-back""}","{""name_printed"": ""Pan""}",4bf03ca8-b30f-4c5c-802f-265af7fd3299,5510190f-535a-45cf-89a5-e910b2a7d475,Pan,Pan,{},xxxenophile_xxxenophile_pan
eb3282cb-3595-4ff7-941d-5c856ac676f8,item,1,0,"{""obverse"": ""xxxenophile_xxxenophile_parallel-dimension"", ""reverse"": ""xxxenophile_card-back""}","{""name_printed"": ""Parallel Dimension""}",4bf03ca8-b30f-4c5c-802f-265af7fd3299,5510190f-535a-45cf-89a5-e910b2a7d475,Parallel Dimension,Parallel Dimension,{},xxxenophile_xxxenophile_parallel-dimension
9f8f2b1c-09af-4db9-9df9-6a56674016cb,third-party-document,0,0,"{""obverse"": ""xxxenophile_xxxenophile_pleasure-centrifuge"", ""reverse"": ""xxxenophile_card-back""}","{""name_printed"": ""Pleasure Centrifuge""}",4bf03ca8-b30f-4c5c-802f-265af7fd3299,5510190f-535a-45cf-89a5-e910b2a7d475,Pleasure Centrifuge,Pleasure Centrifuge,{},xxxenophile_xxxenophile_pleasure-centrifuge
f27fff0f-0f11-4223-8617-aeea9a88709c,item,1,0,"{""obverse"": ""xxxenophile_xxxenophile_plot-device"", ""reverse"": ""xxxenophile_card-back""}","{""name_printed"": ""Plot Device""}",4bf03ca8-b30f-4c5c-802f-265af7fd3299,5510190f-535a-45cf-89a5-e910b2a7d475,Plot Device,Plot Device,{},xxxenophile_xxxenophile_plot-device
3eaa98ae-0e5f-4c99-b30b-c867d689b9d6,third-party-document,0,0,"{""obverse"": ""xxxenophile_xxxenophile_police-sirens"", ""reverse"": ""xxxenophile_card-back""}","{""name_printed"": ""Police Sirens""}",4bf03ca8-b30f-4c5c-802f-265af7fd3299,5510190f-535a-45cf-89a5-e910b2a7d475,Police Sirens,Police Sirens,{},xxxenophile_xxxenophile_police-sirens
22ab17c0-7e4f-4d3d-bae3-56f02ab9c382,item,1,0,"{""obverse"": ""xxxenophile_xxxenophile_prizewinning-cucumber"", ""reverse"": ""xxxenophile_card-back""}","{""name_printed"": ""Prizewinning Cucumber""}",4bf03ca8-b30f-4c5c-802f-265af7fd3299,5510190f-535a-45cf-89a5-e910b2a7d475,Prizewinning Cucumber,Prizewinning Cucumber,{},xxxenophile_xxxenophile_prizewinning-cucumber
d37f523c-d660-40b6-85ae-a7e0feec0c96,third-party-document,0,0,"{""obverse"": ""xxxenophile_xxxenophile_python-o'malley"", ""reverse"": ""xxxenophile_card-back""}","{""name_printed"": ""Python O'Malley""}",4bf03ca8-b30f-4c5c-802f-265af7fd3299,5510190f-535a-45cf-89a5-e910b2a7d475,Python O'Malley,Python O'Malley,{},xxxenophile_xxxenophile_python-o'malley
0b833c22-780d-44c3-a76d-8f277df1f3b2,item,1,0,"{""obverse"": ""xxxenophile_xxxenophile_queen-of-sheba"", ""reverse"": ""xxxenophile_card-back""}","{""name_printed"": ""Queen of Sheba""}",4bf03ca8-b30f-4c5c-802f-265af7fd3299,5510190f-535a-45cf-89a5-e910b2a7d475,Queen of Sheba,Queen of Sheba,{},xxxenophile_xxxenophile_queen-of-sheba
dc979b53-5078-4a49-9fe1-00bf3894dc69,item,1,0,"{""obverse"": ""xxxenophile_xxxenophile_queen-of-tarts"", ""reverse"": ""xxxenophile_card-back""}","{""name_printed"": ""Queen of Tarts""}",4bf03ca8-b30f-4c5c-802f-265af7fd3299,5510190f-535a-45cf-89a5-e910b2a7d475,Queen of Tarts,Queen of Tarts,{},xxxenophile_xxxenophile_queen-of-tarts
4ffa003d-d950-482b-8261-63f09014f30a,item,1,0,"{""obverse"": ""xxxenophile_xxxenophile_queen-of-the-moon"", ""reverse"": ""xxxenophile_card-back""}","{""name_printed"": ""Queen of the Moon""}",4bf03ca8-b30f-4c5c-802f-265af7fd3299,5510190f-535a-45cf-89a5-e910b2a7d475,Queen of the Moon,Queen of the Moon,{},xxxenophile_xxxenophile_queen-of-the-moon
0b9359b4-0803-449e-86e5-5f0f4f3465b5,third-party-document,0,0,"{""obverse"": ""xxxenophile_xxxenophile_queeva-spang"", ""reverse"": ""xxxenophile_card-back""}","{""name_printed"": ""Queeva Spang""}",4bf03ca8-b30f-4c5c-802f-265af7fd3299,5510190f-535a-45cf-89a5-e910b2a7d475,Queeva Spang,Queeva Spang,{},xxxenophile_xxxenophile_queeva-spang
2f341cd0-0bd0-4d10-861e-d4bfb0b9595b,third-party-document,0,0,"{""obverse"": ""xxxenophile_xxxenophile_rashoo,-temple-maiden"", ""reverse"": ""xxxenophile_card-back""}","{""name_printed"": ""Rashoo, Temple Maiden""}",4bf03ca8-b30f-4c5c-802f-265af7fd3299,5510190f-535a-45cf-89a5-e910b2a7d475,"Rashoo, Temple Maiden","Rashoo, Temple Maiden",{},"xxxenophile_xxxenophile_rashoo,-temple-maiden"
7fbccd4b-472b-4a69-ad18-35b84fb27ed6,item,1,0,"{""obverse"": ""xxxenophile_xxxenophile_rising-tsar"", ""reverse"": ""xxxenophile_card-back""}","{""name_printed"": ""Rising Tsar""}",4bf03ca8-b30f-4c5c-802f-265af7fd3299,5510190f-535a-45cf-89a5-e910b2a7d475,Rising Tsar,Rising Tsar,{},xxxenophile_xxxenophile_rising-tsar
c0620697-da06-43e1-9723-cbf617f8fbda,third-party-document,0,0,"{""obverse"": ""xxxenophile_xxxenophile_rivetts-o'reilly"", ""reverse"": ""xxxenophile_card-back""}","{""name_printed"": ""Rivetts O'Reilly""}",4bf03ca8-b30f-4c5c-802f-265af7fd3299,5510190f-535a-45cf-89a5-e910b2a7d475,Rivetts O'Reilly,Rivetts O'Reilly,{},xxxenophile_xxxenophile_rivetts-o'reilly
94a837d8-4d89-453d-b769-c2e5f20ecbb8,item,1,0,"{""obverse"": ""xxxenophile_xxxenophile_robot-queen-rugosa"", ""reverse"": ""xxxenophile_card-back""}","{""name_printed"": ""Robot Queen Rugosa""}",4bf03ca8-b30f-4c5c-802f-265af7fd3299,5510190f-535a-45cf-89a5-e910b2a7d475,Robot Queen Rugosa,Robot Queen Rugosa,{},xxxenophile_xxxenophile_robot-queen-rugosa
602540ea-6de6-4075-8d2e-e19dcc8d22a9,third-party-document,0,0,"{""obverse"": ""xxxenophile_xxxenophile_robot-soldier"", ""reverse"": ""xxxenophile_card-back""}","{""name_printed"": ""Robot Soldier""}",4bf03ca8-b30f-4c5c-802f-265af7fd3299,5510190f-535a-45cf-89a5-e910b2a7d475,Robot Soldier,Robot Soldier,{},xxxenophile_xxxenophile_robot-soldier
bcc861cf-2da7-4c57-bb50-f9b7d15f638b,item,1,0,"{""obverse"": ""xxxenophile_xxxenophile_roman-bvbble-bath"", ""reverse"": ""xxxenophile_card-back""}","{""name_printed"": ""Roman Bvbble Bath""}",4bf03ca8-b30f-4c5c-802f-265af7fd3299,5510190f-535a-45cf-89a5-e910b2a7d475,Roman Bvbble Bath,Roman Bvbble Bath,{},xxxenophile_xxxenophile_roman-bvbble-bath
4544f48c-7c32-4efb-b1ab-d163d432b03f,item,1,0,"{""obverse"": ""xxxenophile_xxxenophile_roxanne"", ""reverse"": ""xxxenophile_card-back""}","{""name_printed"": ""Roxanne""}",4bf03ca8-b30f-4c5c-802f-265af7fd3299,5510190f-535a-45cf-89a5-e910b2a7d475,Roxanne,Roxanne,{},xxxenophile_xxxenophile_roxanne
7d3873e5-2202-423b-926e-7631fbd47abc,item,1,0,"{""obverse"": ""xxxenophile_xxxenophile_roxelana"", ""reverse"": ""xxxenophile_card-back""}","{""name_printed"": ""Roxelana""}",4bf03ca8-b30f-4c5c-802f-265af7fd3299,5510190f-535a-45cf-89a5-e910b2a7d475,Roxelana,Roxelana,{},xxxenophile_xxxenophile_roxelana
4b0e052a-7cab-4d75-83b8-6aa6022d6aa0,third-party-document,0,0,"{""obverse"": ""xxxenophile_xxxenophile_santa-claus"", ""reverse"": ""xxxenophile_card-back""}","{""name_printed"": ""Santa Claus""}",4bf03ca8-b30f-4c5c-802f-265af7fd3299,5510190f-535a-45cf-89a5-e910b2a7d475,Santa Claus,Santa Claus,{},xxxenophile_xxxenophile_santa-claus
6f38d65d-2d16-4fb0-b29c-e9933c6ac18c,item,1,0,"{""obverse"": ""xxxenophile_xxxenophile_scoober-spider-web"", ""reverse"": ""xxxenophile_card-back""}","{""name_printed"": ""Scoober Spider Web""}",4bf03ca8-b30f-4c5c-802f-265af7fd3299,5510190f-535a-45cf-89a5-e910b2a7d475,Scoober Spider Web,Scoober Spider Web,{},xxxenophile_xxxenophile_scoober-spider-web
b544d3e4-9c1c-4e98-8461-933a6c1eed9e,third-party-document,0,0,"{""obverse"": ""xxxenophile_xxxenophile_seduction-pump"", ""reverse"": ""xxxenophile_card-back""}","{""name_printed"": ""Seduction Pump""}",4bf03ca8-b30f-4c5c-802f-265af7fd3299,5510190f-535a-45cf-89a5-e910b2a7d475,Seduction Pump,Seduction Pump,{},xxxenophile_xxxenophile_seduction-pump
a393afa4-4137-4bd3-ad20-0a262fe2d648,third-party-document,0,0,"{""obverse"": ""xxxenophile_xxxenophile_sex-drive"", ""reverse"": ""xxxenophile_card-back""}","{""name_printed"": ""Sex Drive""}",4bf03ca8-b30f-4c5c-802f-265af7fd3299,5510190f-535a-45cf-89a5-e910b2a7d475,Sex Drive,Sex Drive,{},xxxenophile_xxxenophile_sex-drive
044e53eb-d84c-421a-9869-0d4085cdfcce,third-party-document,0,0,"{""obverse"": ""xxxenophile_xxxenophile_shameless-hussar"", ""reverse"": ""xxxenophile_card-back""}","{""name_printed"": ""Shameless Hussar""}",4bf03ca8-b30f-4c5c-802f-265af7fd3299,5510190f-535a-45cf-89a5-e910b2a7d475,Shameless Hussar,Shameless Hussar,{},xxxenophile_xxxenophile_shameless-hussar
06962dab-7e9a-4e37-9bdf-3af9014b47d1,item,1,0,"{""obverse"": ""xxxenophile_xxxenophile_shango,-god-of-thunder"", ""reverse"": ""xxxenophile_card-back""}","{""name_printed"": ""Shango, God of Thunder""}",4bf03ca8-b30f-4c5c-802f-265af7fd3299,5510190f-535a-45cf-89a5-e910b2a7d475,"Shango, God of Thunder","Shango, God of Thunder",{},"xxxenophile_xxxenophile_shango,-god-of-thunder"
700f440f-918f-4e6b-9cd7-c4283a5457d9,item,1,0,"{""obverse"": ""xxxenophile_xxxenophile_shinda-finn,-international-spy"", ""reverse"": ""xxxenophile_card-back""}","{""name_printed"": ""Shinda Finn, International Spy""}",4bf03ca8-b30f-4c5c-802f-265af7fd3299,5510190f-535a-45cf-89a5-e910b2a7d475,"Shinda Finn, International Spy","Shinda Finn, International Spy",{},"xxxenophile_xxxenophile_shinda-finn,-international-spy"
fbdfab30-9c9b-4b28-8721-5c6c747fdcd2,item,1,0,"{""obverse"": ""xxxenophile_xxxenophile_sidonie-gabrielle-claudine-colette"", ""reverse"": ""xxxenophile_card-back""}","{""name_printed"": ""Sidonie Gabrielle Claudine Colette""}",4bf03ca8-b30f-4c5c-802f-265af7fd3299,5510190f-535a-45cf-89a5-e910b2a7d475,Sidonie Gabrielle Claudine Colette,Sidonie Gabrielle Claudine Colette,{},xxxenophile_xxxenophile_sidonie-gabrielle-claudine-colette
b6e6a9e7-c0f6-4ed8-bf65-5bc31855a0c3,item,1,0,"{""obverse"": ""xxxenophile_xxxenophile_silicon-valley-girl"", ""reverse"": ""xxxenophile_card-back""}","{""name_printed"": ""Silicon Valley Girl""}",4bf03ca8-b30f-4c5c-802f-265af7fd3299,5510190f-535a-45cf-89a5-e910b2a7d475,Silicon Valley Girl,Silicon Valley Girl,{},xxxenophile_xxxenophile_silicon-valley-girl
c1d7e36b-55cb-44a3-9ed8-26494b38ae8b,third-party-document,0,0,"{""obverse"": ""xxxenophile_xxxenophile_sinbad"", ""reverse"": ""xxxenophile_card-back""}","{""name_printed"": ""Sinbad""}",4bf03ca8-b30f-4c5c-802f-265af7fd3299,5510190f-535a-45cf-89a5-e910b2a7d475,Sinbad,Sinbad,{},xxxenophile_xxxenophile_sinbad
64928eac-854c-442b-afc9-ffc371d9ceef,third-party-document,0,0,"{""obverse"": ""xxxenophile_xxxenophile_skendo,-desert-warrior"", ""reverse"": ""xxxenophile_card-back""}","{""name_printed"": ""Skendo, Desert Warrior""}",4bf03ca8-b30f-4c5c-802f-265af7fd3299,5510190f-535a-45cf-89a5-e910b2a7d475,"Skendo, Desert Warrior","Skendo, Desert Warrior",{},"xxxenophile_xxxenophile_skendo,-desert-warrior"
e89c28f5-3de9-474d-9688-d9c01d7710fb,third-party-document,0,0,"{""obverse"": ""xxxenophile_xxxenophile_slag-blah-priestess"", ""reverse"": ""xxxenophile_card-back""}","{""name_printed"": ""Slag-Blah Priestess""}",4bf03ca8-b30f-4c5c-802f-265af7fd3299,5510190f-535a-45cf-89a5-e910b2a7d475,Slag-Blah Priestess,Slag-Blah Priestess,{},xxxenophile_xxxenophile_slag-blah-priestess
f755e509-c175-4969-a0dd-72d5e6ccd297,item,1,0,"{""obverse"": ""xxxenophile_xxxenophile_slumber-party"", ""reverse"": ""xxxenophile_card-back""}","{""name_printed"": ""Slumber Party""}",4bf03ca8-b30f-4c5c-802f-265af7fd3299,5510190f-535a-45cf-89a5-e910b2a7d475,Slumber Party,Slumber Party,{},xxxenophile_xxxenophile_slumber-party
240f0cc2-44f1-4158-a26c-534e513a5770,third-party-document,0,0,"{""obverse"": ""xxxenophile_xxxenophile_smokey-joe"", ""reverse"": ""xxxenophile_card-back""}","{""name_printed"": ""Smokey Joe""}",4bf03ca8-b30f-4c5c-802f-265af7fd3299,5510190f-535a-45cf-89a5-e910b2a7d475,Smokey Joe,Smokey Joe,{},xxxenophile_xxxenophile_smokey-joe
c3ff62ac-2273-4a66-83b1-4c6fe0c6e839,third-party-document,0,0,"{""obverse"": ""xxxenophile_xxxenophile_sneaky-pete"", ""reverse"": ""xxxenophile_card-back""}","{""name_printed"": ""Sneaky Pete""}",4bf03ca8-b30f-4c5c-802f-265af7fd3299,5510190f-535a-45cf-89a5-e910b2a7d475,Sneaky Pete,Sneaky Pete,{},xxxenophile_xxxenophile_sneaky-pete
3f6387a2-2af2-4dd6-bbe6-c78bae8743bf,item,1,0,"{""obverse"": ""xxxenophile_xxxenophile_sneevax,-cute-but-evil-space-babe"", ""reverse"": ""xxxenophile_card-back""}","{""name_printed"": ""Sneevax, Cute But Evil Space Babe""}",4bf03ca8-b30f-4c5c-802f-265af7fd3299,5510190f-535a-45cf-89a5-e910b2a7d475,"Sneevax, Cute But Evil Space Babe","Sneevax, Cute But Evil Space Babe",{},"xxxenophile_xxxenophile_sneevax,-cute-but-evil-space-babe"
26f60068-5e65-46fa-a242-59f1ba893961,third-party-document,0,0,"{""obverse"": ""xxxenophile_xxxenophile_sparks-katkin"", ""reverse"": ""xxxenophile_card-back""}","{""name_printed"": ""Sparks Katkin""}",4bf03ca8-b30f-4c5c-802f-265af7fd3299,5510190f-535a-45cf-89a5-e910b2a7d475,Sparks Katkin,Sparks Katkin,{},xxxenophile_xxxenophile_sparks-katkin
f9721f3f-389c-4edb-86ed-370224204b82,third-party-document,0,0,"{""obverse"": ""xxxenophile_xxxenophile_squibulator"", ""reverse"": ""xxxenophile_card-back""}","{""name_printed"": ""Squibulator""}",4bf03ca8-b30f-4c5c-802f-265af7fd3299,5510190f-535a-45cf-89a5-e910b2a7d475,Squibulator,Squibulator,{},xxxenophile_xxxenophile_squibulator
79e604e9-d872-434d-ae16-b7363b1af23c,third-party-document,0,0,"{""obverse"": ""xxxenophile_xxxenophile_stan-bloon,-the-man-in-the-moon"", ""reverse"": ""xxxenophile_card-back""}","{""name_printed"": ""Stan Bloon, the Man in the Moon""}",4bf03ca8-b30f-4c5c-802f-265af7fd3299,5510190f-535a-45cf-89a5-e910b2a7d475,"Stan Bloon, the Man in the Moon","Stan Bloon, the Man in the Moon",{},"xxxenophile_xxxenophile_stan-bloon,-the-man-in-the-moon"
8ecb1bba-8c05-474e-9f21-6ae3d359a70d,third-party-document,0,0,"{""obverse"": ""xxxenophile_xxxenophile_steam-powered-love-doll"", ""reverse"": ""xxxenophile_card-back""}","{""name_printed"": ""Steam Powered Love Doll""}",4bf03ca8-b30f-4c5c-802f-265af7fd3299,5510190f-535a-45cf-89a5-e910b2a7d475,Steam Powered Love Doll,Steam Powered Love Doll,{},xxxenophile_xxxenophile_steam-powered-love-doll
5809bf6c-1926-45e9-a1aa-6461c7144d6d,item,1,0,"{""obverse"": ""xxxenophile_xxxenophile_steamy-shower"", ""reverse"": ""xxxenophile_card-back""}","{""name_printed"": ""Steamy Shower""}",4bf03ca8-b30f-4c5c-802f-265af7fd3299,5510190f-535a-45cf-89a5-e910b2a7d475,Steamy Shower,Steamy Shower,{},xxxenophile_xxxenophile_steamy-shower
baea8d7f-eca1-43ab-90d2-40cb14a82a8f,item,1,0,"{""obverse"": ""xxxenophile_xxxenophile_stonehenge"", ""reverse"": ""xxxenophile_card-back""}","{""name_printed"": ""Stonehenge""}",4bf03ca8-b30f-4c5c-802f-265af7fd3299,5510190f-535a-45cf-89a5-e910b2a7d475,Stonehenge,Stonehenge,{},xxxenophile_xxxenophile_stonehenge
66970a02-7024-4099-a9ff-7e24f36b4b36,item,1,0,"{""obverse"": ""xxxenophile_xxxenophile_sultan-bogalaka's-harem"", ""reverse"": ""xxxenophile_card-back""}","{""name_printed"": ""Sultan Bogalaka's Harem""}",4bf03ca8-b30f-4c5c-802f-265af7fd3299,5510190f-535a-45cf-89a5-e910b2a7d475,Sultan Bogalaka's Harem,Sultan Bogalaka's Harem,{},xxxenophile_xxxenophile_sultan-bogalaka's-harem
bf515ffd-b751-4e2e-9e20-c0ef6d9ea3b6,third-party-document,0,0,"{""obverse"": ""xxxenophile_xxxenophile_sweet-talkin'-swan"", ""reverse"": ""xxxenophile_card-back""}","{""name_printed"": ""Sweet Talkin' Swan""}",4bf03ca8-b30f-4c5c-802f-265af7fd3299,5510190f-535a-45cf-89a5-e910b2a7d475,Sweet Talkin' Swan,Sweet Talkin' Swan,{},xxxenophile_xxxenophile_sweet-talkin'-swan
7ca73f7c-aa10-4687-a4c8-c578731cd384,third-party-document,0,0,"{""obverse"": ""xxxenophile_xxxenophile_syd-krause"", ""reverse"": ""xxxenophile_card-back""}","{""name_printed"": ""Syd Krause""}",4bf03ca8-b30f-4c5c-802f-265af7fd3299,5510190f-535a-45cf-89a5-e910b2a7d475,Syd Krause,Syd Krause,{},xxxenophile_xxxenophile_syd-krause
743b1ad4-fbdb-4c4a-809b-5224bc741f5f,third-party-document,0,0,"{""obverse"": ""xxxenophile_xxxenophile_technomage"", ""reverse"": ""xxxenophile_card-back""}","{""name_printed"": ""Technomage""}",4bf03ca8-b30f-4c5c-802f-265af7fd3299,5510190f-535a-45cf-89a5-e910b2a7d475,Technomage,Technomage,{},xxxenophile_xxxenophile_technomage
fb600a81-b140-400a-b065-03c81b421377,item,1,0,"{""obverse"": ""xxxenophile_xxxenophile_tempus-fidget,-chronovoyeur"", ""reverse"": ""xxxenophile_card-back""}","{""name_printed"": ""Tempus Fidget, Chronovoyeur""}",4bf03ca8-b30f-4c5c-802f-265af7fd3299,5510190f-535a-45cf-89a5-e910b2a7d475,"Tempus Fidget, Chronovoyeur","Tempus Fidget, Chronovoyeur",{},"xxxenophile_xxxenophile_tempus-fidget,-chronovoyeur"
5d0b2cba-ec32-43ae-8c8e-6401af5ec825,third-party-document,0,0,"{""obverse"": ""xxxenophile_xxxenophile_thaddeus,-the-toy-builder"", ""reverse"": ""xxxenophile_card-back""}","{""name_printed"": ""Thaddeus, the Toy Builder""}",4bf03ca8-b30f-4c5c-802f-265af7fd3299,5510190f-535a-45cf-89a5-e910b2a7d475,"Thaddeus, the Toy Builder","Thaddeus, the Toy Builder",{},"xxxenophile_xxxenophile_thaddeus,-the-toy-builder"
938ea5e0-64a5-425d-9cc9-8e15d74b8142,item,1,0,"{""obverse"": ""xxxenophile_xxxenophile_the-body-electric"", ""reverse"": ""xxxenophile_card-back""}","{""name_printed"": ""The Body Electric""}",4bf03ca8-b30f-4c5c-802f-265af7fd3299,5510190f-535a-45cf-89a5-e910b2a7d475,The Body Electric,The Body Electric,{},xxxenophile_xxxenophile_the-body-electric
c125b27a-e75a-45b9-a3c4-ef92ad0b7e25,item,1,0,"{""obverse"": ""xxxenophile_xxxenophile_the-cartoonist"", ""reverse"": ""xxxenophile_card-back""}","{""name_printed"": ""The Cartoonist""}",4bf03ca8-b30f-4c5c-802f-265af7fd3299,5510190f-535a-45cf-89a5-e910b2a7d475,The Cartoonist,The Cartoonist,{},xxxenophile_xxxenophile_the-cartoonist
d6f8cc78-472f-4f87-a7ef-9c5e25642ead,third-party-document,0,0,"{""obverse"": ""xxxenophile_xxxenophile_the-empress'-towel-boy"", ""reverse"": ""xxxenophile_card-back""}","{""name_printed"": ""The Empress' Towel Boy""}",4bf03ca8-b30f-4c5c-802f-265af7fd3299,5510190f-535a-45cf-89a5-e910b2a7d475,The Empress' Towel Boy,The Empress' Towel Boy,{},xxxenophile_xxxenophile_the-empress'-towel-boy
8f964406-d845-46fa-be86-7f4780f2f6f0,third-party-document,0,0,"{""obverse"": ""xxxenophile_xxxenophile_the-eunuch"", ""reverse"": ""xxxenophile_card-back""}","{""name_printed"": ""The Eunuch""}",4bf03ca8-b30f-4c5c-802f-265af7fd3299,5510190f-535a-45cf-89a5-e910b2a7d475,The Eunuch,The Eunuch,{},xxxenophile_xxxenophile_the-eunuch
00089737-8457-4773-a9ce-e6cfc4d89e55,third-party-document,0,0,"{""obverse"": ""xxxenophile_xxxenophile_the-great-googlimoogli"", ""reverse"": ""xxxenophile_card-back""}","{""name_printed"": ""The Great Googlimoogli""}",4bf03ca8-b30f-4c5c-802f-265af7fd3299,5510190f-535a-45cf-89a5-e910b2a7d475,The Great Googlimoogli,The Great Googlimoogli,{},xxxenophile_xxxenophile_the-great-googlimoogli
d471375b-5a8e-4458-b725-45c4bcc4fa74,item,1,0,"{""obverse"": ""xxxenophile_xxxenophile_the-hatchback-of-notre-dame"", ""reverse"": ""xxxenophile_card-back""}","{""name_printed"": ""The Hatchback of Notre Dame""}",4bf03ca8-b30f-4c5c-802f-265af7fd3299,5510190f-535a-45cf-89a5-e910b2a7d475,The Hatchback of Notre Dame,The Hatchback of Notre Dame,{},xxxenophile_xxxenophile_the-hatchback-of-notre-dame
dfa55313-fa8a-4bd4-80ff-e851b0f50239,third-party-document,0,0,"{""obverse"": ""xxxenophile_xxxenophile_the-little-engine-that-could"", ""reverse"": ""xxxenophile_card-back""}","{""name_printed"": ""The Little Engine That Could""}",4bf03ca8-b30f-4c5c-802f-265af7fd3299,5510190f-535a-45cf-89a5-e910b2a7d475,The Little Engine That Could,The Little Engine That Could,{},xxxenophile_xxxenophile_the-little-engine-that-could
dabd22d2-f345-4735-8f19-170d8f802bc4,third-party-document,0,0,"{""obverse"": ""xxxenophile_xxxenophile_the-little-stripper"", ""reverse"": ""xxxenophile_card-back""}","{""name_printed"": ""The Little Stripper""}",4bf03ca8-b30f-4c5c-802f-265af7fd3299,5510190f-535a-45cf-89a5-e910b2a7d475,The Little Stripper,The Little Stripper,{},xxxenophile_xxxenophile_the-little-stripper
16eb98f6-e9ba-444b-9dbf-13a60fcccd33,third-party-document,0,0,"{""obverse"": ""xxxenophile_xxxenophile_the-omicron"", ""reverse"": ""xxxenophile_card-back""}","{""name_printed"": ""The Omicron""}",4bf03ca8-b30f-4c5c-802f-265af7fd3299,5510190f-535a-45cf-89a5-e910b2a7d475,The Omicron,The Omicron,{},xxxenophile_xxxenophile_the-omicron
42b9f645-71f8-4d2e-b14f-fb8de838b42a,third-party-document,0,0,"{""obverse"": ""xxxenophile_xxxenophile_the-villainous-vibrator"", ""reverse"": ""xxxenophile_card-back""}","{""name_printed"": ""The Villainous Vibrator""}",4bf03ca8-b30f-4c5c-802f-265af7fd3299,5510190f-535a-45cf-89a5-e910b2a7d475,The Villainous Vibrator,The Villainous Vibrator,{},xxxenophile_xxxenophile_the-villainous-vibrator
0e179506-4088-4618-b835-2707058e175a,item,1,0,"{""obverse"": ""xxxenophile_xxxenophile_theodora,-empress-of-rome"", ""reverse"": ""xxxenophile_card-back""}","{""name_printed"": ""Theodora, Empress of Rome""}",4bf03ca8-b30f-4c5c-802f-265af7fd3299,5510190f-535a-45cf-89a5-e910b2a7d475,"Theodora, Empress of Rome","Theodora, Empress of Rome",{},"xxxenophile_xxxenophile_theodora,-empress-of-rome"
af9ef431-bf02-4a17-822d-cc8a6f6ed625,third-party-document,0,0,"{""obverse"": ""xxxenophile_xxxenophile_thick-gloves"", ""reverse"": ""xxxenophile_card-back""}","{""name_printed"": ""Thick Gloves""}",4bf03ca8-b30f-4c5c-802f-265af7fd3299,5510190f-535a-45cf-89a5-e910b2a7d475,Thick Gloves,Thick Gloves,{},xxxenophile_xxxenophile_thick-gloves
eaba0f8c-1cbc-4abd-98a0-539e64f87876,third-party-document,0,0,"{""obverse"": ""xxxenophile_xxxenophile_three-way-bulb"", ""reverse"": ""xxxenophile_card-back""}","{""name_printed"": ""Three-Way Bulb""}",4bf03ca8-b30f-4c5c-802f-265af7fd3299,5510190f-535a-45cf-89a5-e910b2a7d475,Three-Way Bulb,Three-Way Bulb,{},xxxenophile_xxxenophile_three-way-bulb
b94b8bbd-17f1-4d7f-a9e4-e44b7cde769d,third-party-document,0,0,"{""obverse"": ""xxxenophile_xxxenophile_tia-of-klim-point"", ""reverse"": ""xxxenophile_card-back""}","{""name_printed"": ""Tia of Klim Point""}",4bf03ca8-b30f-4c5c-802f-265af7fd3299,5510190f-535a-45cf-89a5-e910b2a7d475,Tia of Klim Point,Tia of Klim Point,{},xxxenophile_xxxenophile_tia-of-klim-point
5d201169-806b-4904-a30b-8890471a8110,item,1,0,"{""obverse"": ""xxxenophile_xxxenophile_time-warp"", ""reverse"": ""xxxenophile_card-back""}","{""name_printed"": ""Time Warp""}",4bf03ca8-b30f-4c5c-802f-265af7fd3299,5510190f-535a-45cf-89a5-e910b2a7d475,Time Warp,Time Warp,{},xxxenophile_xxxenophile_time-warp
424d0e07-6abd-4bf5-93b4-1787b3968ac1,third-party-document,0,0,"{""obverse"": ""xxxenophile_xxxenophile_toby-robinson"", ""reverse"": ""xxxenophile_card-back""}","{""name_printed"": ""Toby Robinson""}",4bf03ca8-b30f-4c5c-802f-265af7fd3299,5510190f-535a-45cf-89a5-e910b2a7d475,Toby Robinson,Toby Robinson,{},xxxenophile_xxxenophile_toby-robinson
c84980a8-7fcf-40fb-b60c-fdd0b8a583f1,third-party-document,0,0,"{""obverse"": ""xxxenophile_xxxenophile_tv-repairman"", ""reverse"": ""xxxenophile_card-back""}","{""name_printed"": ""TV Repairman""}",4bf03ca8-b30f-4c5c-802f-265af7fd3299,5510190f-535a-45cf-89a5-e910b2a7d475,TV Repairman,TV Repairman,{},xxxenophile_xxxenophile_tv-repairman
1ec32161-e6d2-43d6-981f-ce17876ff1f4,item,1,0,"{""obverse"": ""xxxenophile_xxxenophile_universal-joint"", ""reverse"": ""xxxenophile_card-back""}","{""name_printed"": ""Universal Joint""}",4bf03ca8-b30f-4c5c-802f-265af7fd3299,5510190f-535a-45cf-89a5-e910b2a7d475,Universal Joint,Universal Joint,{},xxxenophile_xxxenophile_universal-joint
2d3b34f1-4861-405a-a484-2c394583b3c4,third-party-document,0,0,"{""obverse"": ""xxxenophile_xxxenophile_unnatural-axe"", ""reverse"": ""xxxenophile_card-back""}","{""name_printed"": ""Unnatural Axe""}",4bf03ca8-b30f-4c5c-802f-265af7fd3299,5510190f-535a-45cf-89a5-e910b2a7d475,Unnatural Axe,Unnatural Axe,{},xxxenophile_xxxenophile_unnatural-axe
1783ef52-6bf1-4a6f-b742-a34bf29fc498,item,1,0,"{""obverse"": ""xxxenophile_xxxenophile_vibrator-repairman"", ""reverse"": ""xxxenophile_card-back""}","{""name_printed"": ""Vibrator Repairman""}",4bf03ca8-b30f-4c5c-802f-265af7fd3299,5510190f-535a-45cf-89a5-e910b2a7d475,Vibrator Repairman,Vibrator Repairman,{},xxxenophile_xxxenophile_vibrator-repairman
d8db94df-2f83-4baa-a513-ed970c7fa621,item,1,0,"{""obverse"": ""xxxenophile_xxxenophile_victoria-frankenstein"", ""reverse"": ""xxxenophile_card-back""}","{""name_printed"": ""Victoria Frankenstein""}",4bf03ca8-b30f-4c5c-802f-265af7fd3299,5510190f-535a-45cf-89a5-e910b2a7d475,Victoria Frankenstein,Victoria Frankenstein,{},xxxenophile_xxxenophile_victoria-frankenstein
608a4b56-647b-4544-a1aa-b996108d9642,third-party-document,0,0,"{""obverse"": ""xxxenophile_xxxenophile_ving-tillamook"", ""reverse"": ""xxxenophile_card-back""}","{""name_printed"": ""Ving Tillamook""}",4bf03ca8-b30f-4c5c-802f-265af7fd3299,5510190f-535a-45cf-89a5-e910b2a7d475,Ving Tillamook,Ving Tillamook,{},xxxenophile_xxxenophile_ving-tillamook
b4b2f8af-cb13-4d59-9453-71c3af6efbd8,third-party-document,0,0,"{""obverse"": ""xxxenophile_xxxenophile_vinnie-v--da-vinci"", ""reverse"": ""xxxenophile_card-back""}","{""name_printed"": ""Vinnie V. da Vinci""}",4bf03ca8-b30f-4c5c-802f-265af7fd3299,5510190f-535a-45cf-89a5-e910b2a7d475,Vinnie V. da Vinci,Vinnie V. da Vinci,{},xxxenophile_xxxenophile_vinnie-v--da-vinci
91269895-67d1-4371-8857-5774ad06d902,third-party-document,0,0,"{""obverse"": ""xxxenophile_xxxenophile_voin-of-wukkerbee"", ""reverse"": ""xxxenophile_card-back""}","{""name_printed"": ""Voin of Wukkerbee""}",4bf03ca8-b30f-4c5c-802f-265af7fd3299,5510190f-535a-45cf-89a5-e910b2a7d475,Voin of Wukkerbee,Voin of Wukkerbee,{},xxxenophile_xxxenophile_voin-of-wukkerbee
c83107c2-8a5a-4928-8b48-d3ee96081707,item,1,0,"{""obverse"": ""xxxenophile_xxxenophile_vroomhilde"", ""reverse"": ""xxxenophile_card-back""}","{""name_printed"": ""Vroomhilde""}",4bf03ca8-b30f-4c5c-802f-265af7fd3299,5510190f-535a-45cf-89a5-e910b2a7d475,Vroomhilde,Vroomhilde,{},xxxenophile_xxxenophile_vroomhilde
b84f7c65-6f1b-41d3-a407-53f7729c559c,item,1,0,"{""obverse"": ""xxxenophile_xxxenophile_wand-of-pleasure"", ""reverse"": ""xxxenophile_card-back""}","{""name_printed"": ""Wand Of Pleasure""}",4bf03ca8-b30f-4c5c-802f-265af7fd3299,5510190f-535a-45cf-89a5-e910b2a7d475,Wand Of Pleasure,Wand Of Pleasure,{},xxxenophile_xxxenophile_wand-of-pleasure
282c850c-b319-40fe-b5dd-f30565d24994,item,1,0,"{""obverse"": ""xxxenophile_xxxenophile_we-don't-know-what-it-is-but-we-like-it"", ""reverse"": ""xxxenophile_card-back""}","{""name_printed"": ""We-Don't-Know-What-It-Is-But-We-Like-It""}",4bf03ca8-b30f-4c5c-802f-265af7fd3299,5510190f-535a-45cf-89a5-e910b2a7d475,We-Don't-Know-What-It-Is-But-We-Like-It,We-Don't-Know-What-It-Is-But-We-Like-It,{},xxxenophile_xxxenophile_we-don't-know-what-it-is-but-we-like-it
4ad37412-265b-40ab-9658-54f24fdaeeda,item,1,0,"{""obverse"": ""xxxenophile_xxxenophile_wet-blanket"", ""reverse"": ""xxxenophile_card-back""}","{""name_printed"": ""Wet Blanket""}",4bf03ca8-b30f-4c5c-802f-265af7fd3299,5510190f-535a-45cf-89a5-e910b2a7d475,Wet Blanket,Wet Blanket,{},xxxenophile_xxxenophile_wet-blanket
ad6a5ca6-1489-4eda-825f-e0d3526f1f99,item,1,0,"{""obverse"": ""xxxenophile_xxxenophile_wooden-cow-of-pasiphae"", ""reverse"": ""xxxenophile_card-back""}","{""name_printed"": ""Wooden Cow of Pasiphae""}",4bf03ca8-b30f-4c5c-802f-265af7fd3299,5510190f-535a-45cf-89a5-e910b2a7d475,Wooden Cow of Pasiphae,Wooden Cow of Pasiphae,{},xxxenophile_xxxenophile_wooden-cow-of-pasiphae
4b9c89bb-116b-46b7-b0b1-971afcce796f,third-party-document,0,0,"{""obverse"": ""xxxenophile_xxxenophile_xanadu"", ""reverse"": ""xxxenophile_card-back""}","{""name_printed"": ""Xanadu""}",4bf03ca8-b30f-4c5c-802f-265af7fd3299,5510190f-535a-45cf-89a5-e910b2a7d475,Xanadu,Xanadu,{},xxxenophile_xxxenophile_xanadu
6f942645-771f-46e3-8a4b-c2c9875f5b81,item,1,0,"{""obverse"": ""xxxenophile_xxxenophile_xxx-ray-specs"", ""reverse"": ""xxxenophile_card-back""}","{""name_printed"": ""XXX-Ray Specs""}",4bf03ca8-b30f-4c5c-802f-265af7fd3299,5510190f-535a-45cf-89a5-e910b2a7d475,XXX-Ray Specs,XXX-Ray Specs,{},xxxenophile_xxxenophile_xxx-ray-specs
327a1b5b-7465-4ee0-b1e4-6c4b63814ddc,item,1,0,"{""obverse"": ""xxxenophile_xxxenophile_xynotreen"", ""reverse"": ""xxxenophile_card-back""}","{""name_printed"": ""Xynotreen""}",4bf03ca8-b30f-4c5c-802f-265af7fd3299,5510190f-535a-45cf-89a5-e910b2a7d475,Xynotreen,Xynotreen,{},xxxenophile_xxxenophile_xynotreen
901d1724-0641-4594-bb7f-94c72bc9b44d,third-party-document,0,0,"{""obverse"": ""xxxenophile_xxxenophile_xytina,-the-lotus-eater"", ""reverse"": ""xxxenophile_card-back""}","{""name_printed"": ""Xytina, the Lotus Eater""}",4bf03ca8-b30f-4c5c-802f-265af7fd3299,5510190f-535a-45cf-89a5-e910b2a7d475,"Xytina, the Lotus Eater","Xytina, the Lotus Eater",{},"xxxenophile_xxxenophile_xytina,-the-lotus-eater"
f77d7548-9cfa-4b70-ab46-e0b3fe56ef83,item,1,0,"{""obverse"": ""xxxenophile_xxxenophile_your-own-apartment"", ""reverse"": ""xxxenophile_card-back""}","{""name_printed"": ""Your Own Apartment""}",4bf03ca8-b30f-4c5c-802f-265af7fd3299,5510190f-535a-45cf-89a5-e910b2a7d475,Your Own Apartment,Your Own Apartment,{},xxxenophile_xxxenophile_your-own-apartment
c236d307-3bf6-44f7-92bc-cba7f1d70f7f,item,1,0,"{""obverse"": ""xxxenophile_xxxenophile_z'gof9-7,-pyramid-builder"", ""reverse"": ""xxxenophile_card-back""}","{""name_printed"": ""Z'Gof9-7, Pyramid Builder""}",4bf03ca8-b30f-4c5c-802f-265af7fd3299,5510190f-535a-45cf-89a5-e910b2a7d475,"Z'Gof9-7, Pyramid Builder","Z'Gof9-7, Pyramid Builder",{},"xxxenophile_xxxenophile_z'gof9-7,-pyramid-builder"
50c7b558-0146-4e96-a2ca-9811fc0bb83b,item,1,0,"{""obverse"": ""xxxenophile_xxxenophile_zero-g-chamber"", ""reverse"": ""xxxenophile_card-back""}","{""name_printed"": ""Zero-G Chamber""}",4bf03ca8-b30f-4c5c-802f-265af7fd3299,5510190f-535a-45cf-89a5-e910b2a7d475,Zero-G Chamber,Zero-G Chamber,{},xxxenophile_xxxenophile_zero-g-chamber
a07cd3ab-b36a-4814-9a31-f4bfb61d451f,item,1,0,"{""obverse"": ""xxxenophile_xxxenophile_zola-ching"", ""reverse"": ""xxxenophile_card-back""}","{""name_printed"": ""Zola Ching""}",4bf03ca8-b30f-4c5c-802f-265af7fd3299,5510190f-535a-45cf-89a5-e910b2a7d475,Zola Ching,Zola Ching,{},xxxenophile_xxxenophile_zola-ching
64559983-0d21-4c47-85b3-1f3875cc5f06,third-party-document,0,0,"{""obverse"": ""xxxenophile_xxxenophile_zonifax-the-irradiated"", ""reverse"": ""xxxenophile_card-back""}","{""name_printed"": ""Zonifax the Irradiated""}",4bf03ca8-b30f-4c5c-802f-265af7fd3299,5510190f-535a-45cf-89a5-e910b2a7d475,Zonifax the Irradiated,Zonifax the Irradiated,{},xxxenophile_xxxenophile_zonifax-the-irradiated